국립산음자연휴양림,경기,경기 양평군 단월면 고북길 347,031-774-8133,,https://www.foresttrip.go.kr/indvz/main.do?hmpgId=0103,https://map.naver.com/v5/entry/place/11491024?c=14201342.385601211%2C4522593.915539879%2C13%2C0%2C0%2C0%2Cdh&placePath=%2Fhome&entry=plt,명소,"주차, 예약, 남/녀 화장실 구분","['https://search.pstatic.net/common/?autoRotate=true&quality=95&type=w750&src=https%3A%2F%2Fldb-phinf.pstatic.net%2F20150831_4%2F1440992206966QHPUq_JPEG%2F11491024_0.jpg', 'https://search.pstatic.net/common/?autoRotate=true&quality=95&type=w750&src=https%3A%2F%2Fldb-phinf.pstatic.net%2F20150831_14%2F14409922071618vDeu_JPEG%2F11491024_1.jpg', 'https://search.pstatic.net/common/?autoRotate=true&quality=95&type=w750&src=https%3A%2F%2Fldb-phinf.pstatic.net%2F20150206_137%2F1423205538792mjT0g_JPEG%2F%25B0%25E6%25B1%25E2_%25BE%25E7%25C6%25F2%25BB%25EA%25C0%25BD%25C0%25DA%25BF%25AC%25C8%25DE%25BE%25E7%25B8%25B2_1.JPG%3Ftyp', 'https://search.pstatic.net/common/?autoRotate=true&quality=95&type=w750&src=https%3A%2F%2Fldb-phinf.pstatic.net%2F20150206_289%2F1423205539123BqiYk_JPEG%2F%25B0%25E6%25B1%25E2_%25BE%25E7%25C6%25F2%25BB%25EA%25C0%25BD%25C0%25DA%25BF%25AC%25C8%25DE%25BE%25E7%25B8%25B2_2.JPG%3Ftyp', 'https://search.pstatic.net/common/?autoRotate=true&quality=95&type=w750&src=https%3A%2F%2Fldb-phinf.pstatic.net%2F20150206_123%2F1423205539414heBG3_JPEG%2F%25B0%25E6%25B1%25E2_%25BE%25E7%25C6%25F2%25BB%25EA%25C0%25BD%25C0%25DA%25BF%25AC%25C8%25DE%25BE%25E7%25B8%25B2_3.JPG%3Ftyp', 'https://search.pstatic.net/common/?autoRotate=true&quality=95&type=w750&src=https%3A%2F%2Fldb-phinf.pstatic.net%2F20150206_213%2F1423205539805XdvhM_JPEG%2F%25B0%25E6%25B1%25E2_%25BE%25E7%25C6%25F2%25BB%25EA%25C0%25BD%25C0%25DA%25BF%25AC%25C8%25DE%25BE%25E7%25B8%25B2_4.JPG%3Ftyp', 'https://search.pstatic.net/common/?autoRotate=true&quality=95&type=w750&src=https%3A%2F%2Fldb-phinf.pstatic.net%2F20150206_172%2F1423205540096SMOJA_JPEG%2F%25B0%25E6%25B1%25E2_%25BE%25E7%25C6%25F2%25BB%25EA%25C0%25BD%25C0%25DA%25BF%25AC%25C8%25DE%25BE%25E7%25B8%25B2_5.JPG%3Ftyp', 'https://search.pstatic.net/common/?autoRotate=true&quality=95&type=w750&src=https%3A%2F%2Fldb-phinf.pstatic.net%2F20150206_165%2F1423205540421gnE4i_JPEG%2F%25B0%25E6%25B1%25E2_%25BE%25E7%25C6%25F2%25BB%25EA%25C0%25BD%25C0%25DA%25BF%25AC%25C8%25DE%25BE%25E7%25B8%25B2_6.JPG%3Ftyp']",362476,555015
국립천관산자연휴양림,전남,전남 장흥군 관산읍 칠관로 842-1150,061-867-6974,,https://www.foresttrip.go.kr/indvz/main.do?hmpgId=0196,https://map.naver.com/v5/entry/place/11491064?c=14126658.080275666%2C4102261.201911442%2C13%2C0%2C0%2C0%2Cdh&placePath=%2Fhome&entry=plt,명소,"주차, 예약, 남/녀 화장실 구분","['https://search.pstatic.net/common/?autoRotate=true&quality=95&type=w750&src=https%3A%2F%2Fldb-phinf.pstatic.net%2F20150831_180%2F1440992227840AkUUS_JPEG%2F11491064_0.jpg', 'https://search.pstatic.net/common/?autoRotate=true&quality=95&type=w750&src=https%3A%2F%2Fldb-phinf.pstatic.net%2F20150831_236%2F1440992228051IArrU_JPEG%2F11491064_1.jpg', 'https://search.pstatic.net/common/?autoRotate=true&quality=95&type=w750&src=http%3A%2F%2Fblogfiles.naver.net%2F20160510_39%2Fjh_tour_1462860084115JSVIS_JPEG%2F%25C3%25BC%25C7%25E8%25BA%25B0_%25C0%25E5%25C8%25EF%25BD%25E6%25B3%25D7%25C0%25CF.jpg', 'https://search.pstatic.net/common/?autoRotate=true&quality=95&type=w750&src=http%3A%2F%2Fblogfiles.naver.net%2F20160510_1%2Fjh_tour_1462862848375arCNr_JPEG%2F%25C0%25FC%25B3%25B2%25B0%25A1%25BA%25BC%25B8%25B8%25C7%25D1%25B0%25F7.jpg', 'https://search.pstatic.net/common/?autoRotate=true&quality=95&type=w750&src=http%3A%2F%2Fblogfiles.naver.net%2F20160510_28%2Fjh_tour_1462863011280ehsDU_JPEG%2F%25C0%25FC%25B3%25B2%25B0%25A1%25BA%25BC%25B8%25B8%25C7%25D1%25B0%25F72.jpg', 'https://search.pstatic.net/common/?autoRotate=true&quality=95&type=w750&src=http%3A%2F%2Fblogfiles.naver.net%2F20160510_16%2Fjh_tour_1462864759042Xsgfo_JPEG%2F%25C0%25FC%25B3%25B2%25B0%25A1%25BA%25BC%25B8%25B8%25C7%25D1%25B0%25F73.jpg', 'https://search.pstatic.net/common/?autoRotate=true&quality=95&type=w750&src=http%3A%2F%2Fblogfiles.naver.net%2F20160927_29%2Fterry0708_14749862164242Fa0Y_JPEG%2F20160924_130746.jpg']",299411,216934
국립화천숲속야영장,강원,강원 화천군 간동면 배후령길 1144,033-441-4466,,,https://map.naver.com/v5/entry/place/1245635948?c=14226358.80288509%2C4580881.90624048%2C13%2C0%2C0%2C0%2Cdh&placePath=%2Fhome&entry=plt,명소,,[],382420,600863
황리단길,경북,경북 경주시 포석로 1080,,,,https://map.naver.com/v5/entry/place/677355362?c=14383547.593487117%2C4278124.536988238%2C13%2C0%2C0%2C0%2Cdh&placePath=%2Fhome&entry=plt,명소,,"['https://search.pstatic.net/common/?autoRotate=true&quality=95&type=w750&src=http%3A%2F%2Fblogfiles.naver.net%2FMjAxNzExMjZfODYg%2FMDAxNTExNjIyODI3NTk3.AnXosDFEQTJ0Z7737Otv8Dw1dbcZzWFDatRKkD7YcCYg.KH6jnGB2GxnejczsToqLhv8XkUUJzPgAu09gTL64Loog.JPEG.hysky2000%2FIMG_9945.', 'https://search.pstatic.net/common/?autoRotate=true&quality=95&type=w750&src=http%3A%2F%2Fblogfiles.naver.net%2FMjAxNzExMjZfMjI1%2FMDAxNTExNjIyNzczNzMw.avulr3lqeGdH2U1cj_vHv0t7rXjga6nWdYghgjVFHkAg.mrf_qYRLYPhExqPBlW5ilAVFZ_0FojMRf00C2lK3XLAg.JPEG.hysky2000%2FIMG_0660.', 'https://search.pstatic.net/common/?autoRotate=true&quality=95&type=w750&src=http%3A%2F%2Fblogfiles.naver.net%2FMjAxNzExMjZfNDMg%2FMDAxNTExNjIyNzc3MjIy.hg2FqhVRMOm1wodGy4WMtI9CybEkFBPcNbDYkurBhPwg.UqmTyXQY8JxP43LrhFiVs6a-MidCmodXKbFLvEP2Dw8g.JPEG.hysky2000%2FIMG_0662.', 'https://search.pstatic.net/common/?autoRotate=true&quality=95&type=w750&src=http%3A%2F%2Fblogfiles.naver.net%2FMjAxNzExMjZfMzcg%2FMDAxNTExNjIyNzc4OTU3.IAtLNbWr1vt6FTJd8L5wekK5S4kng_AK-usFRyHAYHwg.fP9gdwnyER_dryi-Yr2v4AVKbjcmXq3eXR7SU02Nr94g.JPEG.hysky2000%2FIMG_0666.', 'https://search.pstatic.net/common/?autoRotate=true&quality=95&type=w750&src=http%3A%2F%2Fblogfiles.naver.net%2FMjAxNzExMjZfMTk0%2FMDAxNTExNjIyNzgwNzkx.jp8A-hF135uNfyQQAii2fxna7EUjbN2J34TladdoFtMg.MaOVbT4wH96mOQMiB4DjEzh6mcc6vFJv3j-hNG4H8TQg.JPEG.hysky2000%2FIMG_0667.']",509477,360281
경주세계문화엑스포공원,경북,경북 경주시 경감로 614,054-748-3011,,http://www.cultureexpo.or.kr/,https://map.naver.com/v5/entry/place/11622389?c=14392300.597087454%2C4277233.6318752635%2C13%2C0%2C0%2C0%2Cdh&placePath=%2Fhome&entry=plt,명소,,"['https://search.pstatic.net/common/?autoRotate=true&quality=95&type=w750&src=https%3A%2F%2Fldb-phinf.pstatic.net%2F20150206_232%2F1423206706609VBnBg_JPEG%2F%25B0%25E6%25BA%25CF_%25B0%25E6%25C1%25D6%25BC%25BC%25B0%25E8%25B9%25AE%25C8%25AD%25BF%25A2%25BD%25BA%25C6%25F7%25B0%25F8%25BF%25F8_1.JPG%3Ftyp', 'https://search.pstatic.net/common/?autoRotate=true&quality=95&type=w750&src=https%3A%2F%2Fldb-phinf.pstatic.net%2F20150206_77%2F1423206708104NGQnx_JPEG%2F%25B0%25E6%25BA%25CF_%25B0%25E6%25C1%25D6%25BC%25BC%25B0%25E8%25B9%25AE%25C8%25AD%25BF%25A2%25BD%25BA%25C6%25F7%25B0%25F8%25BF%25F8_2.JPG%3Ftyp', 'https://search.pstatic.net/common/?autoRotate=true&quality=95&type=w750&src=http%3A%2F%2Fblogfiles.naver.net%2F20160718_60%2F2qeet131_1468849214619P52lA_JPEG%2F%25B0%25E6%25C1%25D6.jpg', 'https://search.pstatic.net/common/?autoRotate=true&quality=95&type=w750&src=http%3A%2F%2Fblogfiles.naver.net%2F20160718_58%2F2qeet131_1468849409082wHxWo_JPEG%2FIMG_1115.', 'https://search.pstatic.net/common/?autoRotate=true&quality=95&type=w750&src=http%3A%2F%2Fblogfiles.naver.net%2F20160718_238%2F2qeet131_1468849420018h246I_JPEG%2FIMG_1171.', 'https://search.pstatic.net/common/?autoRotate=true&quality=95&type=w750&src=http%3A%2F%2Fblogfiles.naver.net%2FMjAxNzEwMDNfMzcg%2FMDAxNTA3MDM2NzAxMzg2.X4fPuo_uiRUqYtO5FNB_6u4wIYhi2pI98uaxZp0Lkx0g.46z1TCegqDfvxKOA6IYRxGA-hnB99d3hiucldUnYvOcg.JPEG.juwaa1004%2FIMG_7732.', 'https://search.pstatic.net/common/?autoRotate=true&quality=95&type=w750&src=http%3A%2F%2Fblogfiles.naver.net%2F20161004_120%2Fred4chicken_1475560720532KRnm0_JPEG%2FDSC00130.']",516591,359652
제주레일바이크,제주,제주 제주시 구좌읍 용눈이오름로 641,064-783-0033,,http://www.jejurailpark.com/,https://map.naver.com/v5/entry/place/33359625?c=14119391.379795004%2C3957106.5578492433%2C13%2C0%2C0%2C0%2Cdh&placePath=%2Fhome&entry=plt,명소,예약,[],292058,97104
녹차미로공원,제주,제주 서귀포시 산록남로 1246 녹차미로공원,064-738-4405,,https://www.visitjeju.net/s/2000000000019747,https://map.naver.com/v5/entry/place/13530712?c=14073118.726173688%2C3934268.8920565397%2C13%2C0%2C0%2C0%2Cdh&placePath=%2Fhome&entry=plt,명소,"단체석, 주차, 예약, 무선 인터넷, 반려동물 동반, 남/녀 화장실 구분","['https://search.pstatic.net/common/?autoRotate=true&quality=95&type=w750&src=https%3A%2F%2Fldb-phinf.pstatic.net%2F20190928_255%2F1569642407972dEouG_JPEG%2FcjBft0l4QWzNODeVTiydinj5.jpg', 'https://search.pstatic.net/common/?autoRotate=true&quality=95&type=w750&src=https%3A%2F%2Fldb-phinf.pstatic.net%2F20190928_47%2F1569642449465OaJCw_JPEG%2Faew4xjcI7O3-bwNyO1hOQ-xS.jpg', 'https://search.pstatic.net/common/?autoRotate=true&quality=95&type=w750&src=https%3A%2F%2Fldb-phinf.pstatic.net%2F20190129_217%2F15487461298296Yaiq_JPEG%2F147755688302303.jpg', 'https://search.pstatic.net/common/?autoRotate=true&quality=95&type=w750&src=https%3A%2F%2Fldb-phinf.pstatic.net%2F20190129_239%2F1548746150382xCvRk_JPEG%2F147755688302404.jpg', 'https://search.pstatic.net/common/?autoRotate=true&quality=95&type=w750&src=https%3A%2F%2Fldb-phinf.pstatic.net%2F20190129_108%2F1548746188274TMLxz_JPEG%2F147755688302421.jpg', 'https://search.pstatic.net/common/?autoRotate=true&quality=95&type=w750&src=https%3A%2F%2Fldb-phinf.pstatic.net%2F20180103_281%2F1514977722583j1hjx_JPEG%2F147755688302496.jpg', 'https://search.pstatic.net/common/?autoRotate=true&quality=95&type=w750&src=https%3A%2F%2Fldb-phinf.pstatic.net%2F20190129_99%2F1548746145441D61S6_JPEG%2F147755688302582.jpg']",253128,78612
멍비치,강원,강원 양양군 현남면 광진리 78-20,,,,https://map.naver.com/v5/entry/place/38415954?c=14334934.769219946%2C4572828.466886159%2C13%2C0%2C0%2C0%2Cdh&placePath=%2Fhome&entry=plt,명소,"국내 유일 애견전용 해수욕장
1년 오직 45일만 운영하는 특별한 해변체험
전국 모든 반려견이 모이는 여름 휴양지","['https://search.pstatic.net/common/?autoRotate=true&quality=95&type=w750&src=https%3A%2F%2Fldb-phinf.pstatic.net%2F20220616_61%2F1655364424015231c5_JPEG%2FKakaoTalk_20220526_161554159.jpg', 'https://search.pstatic.net/common/?autoRotate=true&quality=95&type=w750&src=https%3A%2F%2Fldb-phinf.pstatic.net%2F20220616_149%2F1655364424013CNfH4_JPEG%2FKakaoTalk_20220526_161554159_01.jpg', 'https://search.pstatic.net/common/?autoRotate=true&quality=95&type=w750&src=http%3A%2F%2Fblogfiles.naver.net%2FMjAxNzA4MTVfMjY1%2FMDAxNTAyNzkwNjM1NzAy.R5fNtG4Fs5rAygD97XVilioqZ07JHtCzys5S1NPfTdQg.FvFY0dR1nu9tzZGx_aaUEl932Rl9IgVb2vanc8W-pzEg.JPEG.jeju8253%2FIMG_4870.jpg', 'https://search.pstatic.net/common/?autoRotate=true&quality=95&type=w750&src=http%3A%2F%2Fblogfiles.naver.net%2FMjAxNzA3MTBfNDIg%2FMDAxNDk5NjUyMjE3MTg1.nsjFksItUdW3vxtcQe3QEPrxmbEXIwONzzznxKJa0Zwg.7Zq1_3mvAaxLRlbTDBsOqFIKOhyO12_O_cbCP-998gQg.JPEG.hanaplusu%2F20170625_121043.jpg', 'https://search.pstatic.net/common/?autoRotate=true&quality=95&type=w750&src=http%3A%2F%2Fblogfiles.naver.net%2F20160819_99%2Fvinasamoooo_14715889997393ak39_JPEG%2FIMG_0228.jpg']",468121,594797
허세의 정원,경기,경기 양주시 장흥면 호국로550번길 111,031-877-5111,,http://www.hessegarden.com/,https://map.naver.com/v5/entry/place/34975289?c=14135442.560621608%2C4539385.9915909%2C13%2C0%2C0%2C0%2Cdh&placePath=%2Fhome&entry=plt,명소,"단체석, 주차, 포장, 예약, 무선 인터넷, 반려동물 동반, 남/녀 화장실 구분","['https://search.pstatic.net/common/?autoRotate=true&quality=95&type=w750&src=https%3A%2F%2Fldb-phinf.pstatic.net%2F20211120_212%2F1637374878491eOLcP_JPEG%2FF8940CE2-1A58-4C11-80C9-5FD6C8A62585.jpeg', 'https://search.pstatic.net/common/?autoRotate=true&quality=95&type=w750&src=https%3A%2F%2Fldb-phinf.pstatic.net%2F20211120_43%2F1637374877439E4Rkl_JPEG%2F75C1B073-7B11-456E-AA70-EAD702A54085.jpeg', 'https://search.pstatic.net/common/?autoRotate=true&quality=95&type=w750&src=http%3A%2F%2Fblogfiles.naver.net%2FMjAxODA1MDJfMTMz%2FMDAxNTI1MjU1MjU5ODIw.UIytzTalikSH3jpIVce4BIRoFIlaQC9cMSL40qR78Pgg.F4Z5AC7cPJB_Dp4u5TORnTSDBwZBenP5jK0fDRtRb_Ug.JPEG.gasinae00%2F1.', 'https://search.pstatic.net/common/?autoRotate=true&quality=95&type=w750&src=http%3A%2F%2Fblogfiles.naver.net%2FMjAxODA1MDJfMjQ0%2FMDAxNTI1MjU1MjczMTM1.o2_MJob9XH7KnBIwbTpF-cT0sLygI-KPOOQ-0Fql64cg.TBvAs-mMIfCHrHfLo1t5uUUVDhODoS_NItET1wUR7YUg.JPEG.gasinae00%2F17.jpg', 'https://search.pstatic.net/common/?autoRotate=true&quality=95&type=w750&src=http%3A%2F%2Fblogfiles.naver.net%2FMjAxODA1MDJfMjAz%2FMDAxNTI1MjU1MjYyMjY3.jbeuoDbN7om1Ohlc7y1kJctoeEHwfOEw1Dyfvlh34Zgg.4Cb_d1JM0j0z-aZK5qs6J3LFcovuXkTWnuLbc2fedDIg.JPEG.gasinae00%2F4.jpg', 'https://search.pstatic.net/common/?autoRotate=true&quality=95&type=w750&src=http%3A%2F%2Fblogfiles.naver.net%2FMjAxODA1MDJfMTA3%2FMDAxNTI1MjU1MjY0MDIz.cXBN7KtS8-nNgkLSTTaqEd6ie4AWue-wXEJAvTg7takg.HcKhbGoNz8KuvWB-7fCmglRFPf5oqtMu6m_-Lb2yIOwg.JPEG.gasinae00%2F6.', 'https://search.pstatic.net/common/?autoRotate=true&quality=95&type=w750&src=http%3A%2F%2Fblogfiles.naver.net%2FMjAxODA1MDJfMTkg%2FMDAxNTI1MjU1MjYzMTgz.oXUtj4D3MGsG58LXmijw0segnl37xjWVyTqgFi7-GGcg.xx-Y7V72AEfd2efMviFi5S8gVVxaRC3Le03KvyEoVnEg.JPEG.gasinae00%2F5.jpg']",,
짚트랙코리아,충남,충남 보령시 해수욕장10길 79 짚트랙타워,041-934-3003,,http://www.ziptrek.co.kr/,https://map.naver.com/v5/entry/place/20571076?c=14082593.532179955%2C4344858.4520222675%2C13%2C0%2C0%2C0%2Cdh&placePath=%2Fhome&entry=plt,명소,대천 하늘을 가로지르며 멋진 바다풍경을 느껴보세요! 극도의 쾌락과 즐거움을 동시에 맛볼 수 있는 기회!,[],266055,414397
IFC몰,서울,서울 영등포구 국제금융로 10 IFC몰 B1,02-6137-5000,,http://www.ifcmallseoul.com/,https://map.naver.com/v5/entry/place/21423942?c=14129315.574810166%2C4512566.6909008995%2C13%2C0%2C0%2C0%2Cdh&placePath=%2Fhome&entry=plt,명소,테슬라 수퍼차저 5기 24시간 이용 가능,"['https://search.pstatic.net/common/?autoRotate=true&quality=95&type=w750&src=https%3A%2F%2Fldb-phinf.pstatic.net%2F20190819_219%2F1566193143811GRABu_JPEG%2F2kg_faxjKMhb87RYsH3BSUPN.jpg', 'https://search.pstatic.net/common/?autoRotate=true&quality=95&type=w750&src=http%3A%2F%2Fblogfiles.naver.net%2FMjAxOTA1MjFfMjc4%2FMDAxNTU4NDI3NzEwNzIy.NjgsxYfaoNBLYq9l85rRw5h9Knk9mQQeqr-HQ04JnyAg.aqzjl3Rn77dNzVW2H53JcmWXLoRWhvFEMzp2LtimfEgg.JPEG.hyun68%2F20190517_102523.jpg', 'https://search.pstatic.net/common/?autoRotate=true&quality=95&type=w750&src=http%3A%2F%2Fblogfiles.naver.net%2FMjAxOTA1MjFfNiAg%2FMDAxNTU4NDI3NzYxNTI4.zpjX5FLKUzayw-rsnRUQUm_qSah35i5YAaRzucMcFd8g.k-4g5G5IkL0IzntFFJ6JaRCseQzJF7eYB6iWjmNrZQUg.JPEG.hyun68%2F20190517_102952.jpg', 'https://search.pstatic.net/common/?autoRotate=true&quality=95&type=w750&src=http%3A%2F%2Fblogfiles.naver.net%2FMjAxOTA1MTVfMjcy%2FMDAxNTU3ODc1MDI5Njkx.-CiTMuh0AzwHDyW0UkwSiv9f3wZGEZn72sb6UCcZCrQg.oJC2eFWE97B8K29J7JMvZHpKiJaQAxlaBn6o1ayqdysg.JPEG.hambak88%2FIMG_3736.', 'https://search.pstatic.net/common/?autoRotate=true&quality=95&type=w750&src=http%3A%2F%2Fblogfiles.naver.net%2FMjAxOTA1MTFfMTkx%2FMDAxNTU3NTcyMTk2NjQ3.lFx6ttyY6GOMxsTXk6qPa8Arj1uSN5hJKBgORAgg6Lkg.taCbDhqd3buwa0vqplJwa8lmjCtc49WQO3X_UNC1E-Mg.JPEG.janet7711%2FIMG_6205.', 'https://search.pstatic.net/common/?autoRotate=true&quality=95&type=w750&src=http%3A%2F%2Fblogfiles.naver.net%2FMjAxOTA1MTFfMTg2%2FMDAxNTU3NTA1ODMxNDIy.xUhw8xIR2H0rH-feh-dCcbMwZLS1wJFZUhHGXFzLGkMg.Mq2wYBRlad04n8ttD02RCx2Sxggzx8lIB-IBlbrB02kg.JPEG.thdud_%2F%25B4%25D9%25C0%25CC%25BD%25BC_%25B5%25E5%25B6%25F3%25C0%25CC%25B1%25E2_%25B8%25B8%25B3%25AA%25B7%25AF_%25BF%25A9%25C0%25C7%25B5%25B5IFC%25B8%25F4_%25C6%25CB%25BE%25F7%25BD%25BA%25C5%25E4%25BE%25EE_%25B0%25AC%25B4%25D9%25BF%25D4%25BD%25B4_%25281%2529.jpg']",305216,547578
스타필드 하남,경기,경기 하남시 미사대로 750 스타필드 하남,1833-9001,,https://www.starfield.co.kr/hanam/main.do,https://map.naver.com/v5/entry/place/31825964?c=14162551.278941888%2C4515396.047379212%2C13%2C0%2C0%2C0%2Cdh&placePath=%2Fhome&entry=plt,명소,"쇼핑, 레저, 힐링이 한 곳에서 이뤄지는 쇼핑 테마파크가 열립니다.
아침부터 저녁까지 가족과 친구들이 함께 쇼핑하고, 맛있는 음식과 레저를 즐기고, 편히 쉴 수도 있는 곳, 
스타필드하남으로 원데이 트립을 제안합니다.

자전거
반포한강공원 , 탄천합수부 출발 
미사리조정경기장▶덕풍교 건너서 우측 상단 자전거 도로
* 자전거 보관소 위치 : 1층 지상(남서측 광장 앞,데블스도어 앞,와츠 사이클링 앞)","['https://search.pstatic.net/common/?autoRotate=true&quality=95&type=w750&src=https%3A%2F%2Fldb-phinf.pstatic.net%2F20190315_164%2F1552614758845cqteP_JPEG%2FSO-pGf86QF0sKbnRSM_mhjml.jpg', 'https://search.pstatic.net/common/?autoRotate=true&quality=95&type=w750&src=https%3A%2F%2Fldb-phinf.pstatic.net%2F20190315_3%2F1552614769181K3U4v_JPEG%2FfIxjfyOdes5inUV6pQP9eIR8.jpg', 'https://search.pstatic.net/common/?autoRotate=true&quality=95&type=w750&src=http%3A%2F%2Fblogfiles.naver.net%2FMjAxODAxMTlfMTU3%2FMDAxNTE2MzE1ODY5MjY3.tstBk4X_aXx2UojuKXAa5gz3jBMKbB5hN2wK4c3P5iQg.TUpwsda0XOeNW8mtY6NJih-FHDt8ND7LsMApjB2yq3og.JPEG.hwang_pr%2F%25C7%25CF%25B3%25B2%25BD%25BA%25C5%25B8%25C7%25CA%25B5%25E5%25C3%25CA%25B8%25B61.', 'https://search.pstatic.net/common/?autoRotate=true&quality=95&type=w750&src=http%3A%2F%2Fblogfiles.naver.net%2FMjAxODAxMTlfMjI1%2FMDAxNTE2MzE1ODY5NDU3.19G_zXiLA5Isdn5U8rN4r0kmwIiJazH-tD3-6S-fkjcg.UiUL8oLNDSecRRkMVf8mz4hJGTecGufxMX_-iiSHkTQg.JPEG.hwang_pr%2F%25C7%25CF%25B3%25B2%25BD%25BA%25C5%25B8%25C7%25CA%25B5%25E5%25C3%25CA%25B8%25B62.', 'https://search.pstatic.net/common/?autoRotate=true&quality=95&type=w750&src=http%3A%2F%2Fblogfiles.naver.net%2FMjAxODAxMTlfMTMx%2FMDAxNTE2MzE1ODY5NDgx.NTPX0hDL66AvApnfBw7So6hRTGLLvThriq3P8hnf4yQg.vaHAzMhtmB3fw-nGBD7qnKJuI3yV6jAgtSTukjfGL-Mg.JPEG.hwang_pr%2F%25C7%25CF%25B3%25B2%25BD%25BA%25C5%25B8%25C7%25CA%25B5%25E5%25C3%25CA%25B8%25B63.', 'https://search.pstatic.net/common/?autoRotate=true&quality=95&type=w750&src=http%3A%2F%2Fblogfiles.naver.net%2FMjAxODAxMTlfMzAw%2FMDAxNTE2MzE1ODY5NDY5.rGVrZfZbUy8KUJk_D14nTLmFMaHXwrtjMqrJtPmO_Gsg.qYt3YpZXSIrRSwllo0YhfY-Q7mbBEIKDzlK3Tj-T5VAg.JPEG.hwang_pr%2F%25C7%25CF%25B3%25B2%25BD%25BA%25C5%25B8%25C7%25CA%25B5%25E5%25C3%25CA%25B8%25B64.', 'https://search.pstatic.net/common/?autoRotate=true&quality=95&type=w750&src=http%3A%2F%2Fblogfiles.naver.net%2FMjAxNzExMTVfMjky%2FMDAxNTEwNzQzNzQ0MTY0.mI8i_1LyH8WhTaBMBAShIB2ec70OoQzEU15n7tn0fZog.2fLMluf8aPlX2Nehw1qPYNxTaLxz0xzwhGD_-d7-IuEg.JPEG.bbu77%2F002_-_%25BA%25B9%25BB%25E7%25BA%25BB.']",331658,549524
국립검마산 자연휴양림,경북,경북 영양군 수비면 검마산길 191,054-682-9009,4.6,www.foresttrip.go.kr/indvz,"https://map.naver.com/v5/search/%EA%B5%AD%EB%A6%BD%EA%B2%80%EB%A7%88%EC%82%B0%20%EC%9E%90%EC%97%B0%ED%9C%B4%EC%96%91%EB%A6%BC/place/11490998?c=14385744.7450318,4403423.9100190,15,0,0,0,dh&placePath=%3Fentry%253Dpll",명소,,['https://search.pstatic.net/common/?autoRotate=true&quality=95&type=w750&src=https%3A%2F%2Fldb-phinf.pstatic.net%2F20150831_239%2F14409922011746lki5_JPEG%2F11490998_0.jpg'],510730,460982
강아지숲,강원,강원 춘천시 남산면 충효로 437,033-913-1400,4.3,http://dforest.co.kr,"https://map.naver.com/v5/search/%EA%B0%95%EC%95%84%EC%A7%80%EC%88%B2/place/1806671210?c=14210334.7285231,4542262.6171787,15,0,0,0,dh&placePath=%3Fentry%253Dpll",명소,사람과 강아지가 교감하며 단 하나의 소중한 이야기를 만들어갑니다. 행복을 찾아 떠나는 숲 속 여정이 강아지숲에서 시작됩니다.,['https://search.pstatic.net/common/?autoRotate=true&quality=95&type=w750&src=https%3A%2F%2Fldb-phinf.pstatic.net%2F20210809_219%2F1628476011928J26pG_JPEG%2Fl9l37F9zGSx5u8WoYuJPvf19.jpg'],312699,546473
달려라코코,경기,경기 이천시 마장면 덕이로154번길 287-76 덕평휴게소 내 달려라코코,031-631-0969,4.32,https://www.instagram.com/runkoko2013,"https://map.naver.com/v5/search/%EB%8B%AC%EB%A0%A4%EB%9D%BC%EC%BD%94%EC%BD%94/place/37699544?c=14180154.4325149,4472961.3835742,15,0,0,0,dh&placePath=%3Fentry%253Dpll",명소,,,346154,515806
강화나들길,인천,인천 강화군 강화읍 옥림리 201,,,,"https://map.naver.com/v5/search/%EA%B0%95%ED%99%94%20%EB%82%98%EB%93%A4%EA%B8%B8/place/16638349?c=14023563.7757893,4545674.0278536,9,0,0,0,dh&placePath=%3Fentry%253Dpll",명소,,['https://search.pstatic.net/common/?autoRotate=true&quality=95&type=w750&src=http%3A%2F%2Fblogfiles.naver.net%2FMjAxODA2MzBfMjQ5%2FMDAxNTMwMzYwNzQ2OTk3.9q3VOc3XqzTPAGquuPLXKf7x2s7-PEFnnjK4aN0ypQog.lW-046IwGUrtuubWhzg74n-OZuptu9jgRDzHyMERYoYg.JPEG.jss19732%2F180303_007.jpg%231080x1920'],254990,562658
공룡알 화석산지,경기,경기 화성시 송산면 공룡로 659,031-357-3951,4.24,http://dinopia.hscity.go.kr/user/index.jsp,"https://map.naver.com/v5/search/%EA%B3%B5%EB%A3%A1%EC%95%8C%20%ED%99%94%EC%84%9D%EC%82%B0%EC%A7%80/place/20027743?c=14110250.9575217,4475518.0469497,15,0,0,0,dh&placePath=%3Fentry%253Dpll",공원,,['https://search.pstatic.net/common/?autoRotate=true&quality=95&type=w750&src=http%3A%2F%2Fblogfiles.naver.net%2FMjAxNzEwMjdfMjk3%2FMDAxNTA5MTAyODIwMTU4.85ip3WUW4B5nzuL1iRuaCWsRXZC8xBoOlaMtaTjG-30g.I91vp0iKyJFXKQj99MW4up9_Vh27leXt5SqCXT_EXK8g.JPEG.minororo%2FIMG_0826.jpg%232718x1812'],290467,518378
바우길1구간(선자령풍차길),강원,강원 평창군 대관령면 꽃밭양지길 458-23,,,,"https://map.naver.com/v5/search/%EB%B0%94%EC%9A%B0%EA%B8%B8%2001%EC%BD%94%EC%8A%A4%20%EC%84%A0%EC%9E%90%EB%A0%B9%20%ED%92%8D%EC%B0%A8%EA%B8%B8/place/15789971?c=14330521.3553200,4540523.0414204,14.47,0,0,0,dh&isCorrectAnswer=true",명소,,,465688,569367
한탄강 주상절리길,경기,경기 포천시 영북면 소회산리 산178-4,,,,"https://map.naver.com/v5/search/%ED%95%9C%ED%83%84%EA%B0%95%20%EC%A3%BC%EC%83%81%EC%A0%88%EB%A6%AC%EA%B8%B8/place/1697758973?c=14148390.6823540,4592205.9135414,11,0,0,0,dh&placePath=%3Fentry%253Dpll",명소,,,330527,607475
경주역사유적지구,경북,경북 경주시 황남동,,,,"https://map.naver.com/v5/search/(%EA%B2%BD%EC%A3%BC)%EC%97%AD%EC%82%AC%EC%9C%A0%EC%A0%81%EC%A7%80%EA%B5%AC/place/13491139?c=14383498.4735545,4277874.0584803,15,0,0,0,dh&placePath=%3Fentry%253Dpll",명소,,['https://search.pstatic.net/common/?autoRotate=true&quality=95&type=w750&src=http%3A%2F%2Fblogfiles.naver.net%2F20150222_79%2Fxodh16_1424616272869wSQkd_JPEG%2F5.jpg%23550x733'],510197,360087
월정투명카약,제주,제주 제주시 구좌읍 월정리 1400-33,010-2419-6492,4.54,http://m.smartstore.naver.com/kayakolle,"https://map.naver.com/v5/search/%EC%9B%94%EC%A0%95%EB%A6%AC%20%ED%88%AC%EB%AA%85%EC%B9%B4%EC%95%BD/place/1020674760?c=14112003.0149869,3970383.6326875,15,0,0,0,dh&isCorrectAnswer=true",명소,,['https://search.pstatic.net/common/?autoRotate=true&quality=95&type=w750&src=https%3A%2F%2Fldb-phinf.pstatic.net%2F20190502_197%2F1556772188527vVY6p_JPEG%2F5394i4ccGhzfmQv55IGZHiSR.jpg'],286797,108195
피크닉댕댕,경기,경기 동두천시 천보산로 344 피크닉댕댕,010-8569-7857,4.94,https://www.instagram.com/picnicdangdang,"https://map.naver.com/v5/search/%ED%94%BC%ED%81%AC%EB%8B%89%EB%8C%95%EB%8C%95/place/1064143178?c=14148721.1701641,4560645.5460441,15,0,0,0,dh&isCorrectAnswer=true",명소,,['https://search.pstatic.net/common/?autoRotate=true&quality=95&type=w750&src=https%3A%2F%2Fldb-phinf.pstatic.net%2F20200803_71%2F1596380439268g988v_JPEG%2FzX_s_HMTbp6bgNYTWVyWYH0N.jpg'],321759,585306
춘천 물레길,강원,강원 춘천시 스포츠타운길 113-1,070-4150-8463,4.59,http://mullegil.modoo.at/,"https://map.naver.com/v5/search/%EB%AC%BC%EB%A0%88%EA%B8%B8/place/20388583?c=14213010.1464521,4559005.4497936,15,0,0,0,dh&placePath=%3Fentry%253Dbmp",명소,,['https://search.pstatic.net/common/?autoRotate=true&quality=95&type=w750&src=https%3A%2F%2Fldb-phinf.pstatic.net%2F20171114_110%2F15106236567099uB85_JPEG%2FD8F2e9A7Ra7TImWj5K9CCq2C.jpg'],372920,585412
현대프리미엄아울렛 스페이스원,경기,경기 남양주시 다산순환로 50 ,031-8078-2233,4.37,http://www.ehyundai.com/newPortal/outlet/DP/DP000000_V.do?http://www.ehyundai.com/newPortal/outlet/DP/DP000000_V.do?branchCd=B00178000&n=1,"https://map.naver.com/v5/search/%ED%98%84%EB%8C%80%ED%94%84%EB%A6%AC%EB%AF%B8%EC%97%84%EC%95%84%EC%9A%B8%EB%A0%9B(%EC%8A%A4%ED%8E%98%EC%9D%B4%EC%8A%A4%EC%9B%90)/place/1373570696?c=14153987.7765740,4525386.8367554,15.72,0,0,0,dh&placePath=%3Fentry%253Dbmp",명소,,['https://search.pstatic.net/common/?autoRotate=true&quality=95&type=w750&src=https%3A%2F%2Fldb-phinf.pstatic.net%2F20210630_206%2F1625017343839RcNx2_JPEG%2F2w8uug6kYhBrWarm0Pzb4417.jpg'],325381,557472
새만금 광역탐방로,전북,전북 김제시 만경읍 화포리 966-1,,,,,명소,,,292187,366681
요천생태습지공원 애견놀이터,전북,전북 남원시 주생면 중동리 1009-48,,,,,명소,,,340579,309628
오수의견 광광지,전북,전북 임실군 오수면 금암리 252-3,,,,,명소,,,,
진안천리길운일암반일암숲길,전북,전북 진안군 주천면 주양리 543,,,,,명소,,,347633,374505
예향천리마실길,전북,전북 고창군 고창읍 월산리 603,,,,,명소,,,284264,313479
