체크인독,서울,accomo,4.57,좋아요,https://search.pstatic.net/common/?autoRotate=true&quality=95&type=w750&src=https%3A%2F%2Fmyplace-phinf.pstatic.net%2F20220208_186%2F1644320864004jVyno_JPEG%2Fupload_7db2798c646ee6f595447a01dd25330a.jpg,,,,,
e.mone애견호텔&애견미용,대구,accomo,,가게안 분위기도 좋고 사장님과 미용사분도 친절하게  설명해주시고 강아지를 좋아하는게  느껴져서 믿고 맏길수  있어요 ,,,,,,
SOS애견유치원,경남,accomo,,,,,,,,
THE발라당고양이호텔,서울,accomo,4.79,여기 최고의 고양이 호텔♡,,,,,,
WALWAL,경남,accomo,,,https://search.pstatic.net/common/?autoRotate=true&quality=95&type=w750&src=https%3A%2F%2Fpup-review-phinf.pstatic.net%2FMjAyMjA3MDdfNiAg%2FMDAxNjU3MTY3NTU4NTA3.qVBv70_Nkr-_rInV8Gy-2KDIHiYA2NHs0fkEgfMVPRwg.I2fenf3GyDcTq7XTxnnk2np7pcpGA8gG62DL8L692Pwg.JPEG%2Fupload_cc46a23ddcdf7d33bf52776fba8674dc.jpeg,,,,,
강아지놀이터,경북,accomo,,,,,,,,
개꿀잠,전남,accomo,,진짜 친절하세요. 강쥐 사진도 찍어보내주시고 같이 걱정도 해주시고 아주 굿~~,https://search.pstatic.net/common/?autoRotate=true&quality=95&type=w750&src=https%3A%2F%2Fmyplace-phinf.pstatic.net%2F20220410_157%2F1649580189268K1u0A_JPEG%2Fupload_bfe449dcb1febcdde29ddd7e966ff0c2.jpeg,,,,,
개놀자,전남,accomo,,,,,,,,
개님,경북,accomo,4.79,친절하고 강아지가 편안히 지내다 왔어요!,https://search.pstatic.net/common/?autoRotate=true&quality=95&type=w750&src=https%3A%2F%2Fmyplace-phinf.pstatic.net%2F20220117_79%2F1642425185280CyFS0_JPEG%2Fupload_ce2c137945aad17b901699456ddd6cbe.jpeg,,,,,
개님살롱,서울,accomo,4.33,좋아요,https://search.pstatic.net/common/?autoRotate=true&quality=95&type=w750&src=https%3A%2F%2Fpup-review-phinf.pstatic.net%2FMjAyMjA2MjRfMjEz%2FMDAxNjU2MDMzOTk4OTI3.CMA4ojSbaAgfPNLL23_zVP8DydY3jGdIb2BZilcF96Qg.1zxPovP4Kb5A2ZtIijBmdHuivejlKezJKcG9GO2AyYcg.JPEG%2Fupload_56a05184488c62babb4d968e2cfa49e2.jpeg,,,,,
개런티,경기,accomo,4.65,미용깔끔하게 잘해주시고 찍어주신 사진도 너무 이뻐요,https://search.pstatic.net/common/?autoRotate=true&quality=95&type=w750&src=https%3A%2F%2Fmyplace-phinf.pstatic.net%2F20211124_201%2F1637750771762q3Ii8_JPEG%2Fupload_af8dde02367622f8b854108fc4b2ad68.jpeg,,,,,
개린이집,인천,accomo,,비용도 저렴한데 잘 봐주셔서 좋아요ㅎㅎ ,,,,,,
개모임,전북,accomo,,,https://search.pstatic.net/common/?autoRotate=true&quality=95&type=w750&src=https%3A%2F%2Fpup-review-phinf.pstatic.net%2FMjAyMjA3MjlfMTA2%2FMDAxNjU5MDY0MzQ5NjIx.Ue6qQIKKD7c7GfTOaMOJn17FeuAN8HBHpAfymkwgoC8g.5qMk0vBjl4v6-8OtikWpAllSE4LNdyeDdD-qz7jAdwUg.JPEG%2Fupload_65cf3ab14010b921dec9e14c8b128f80.jpeg,,,,,
개바라기,대구,accomo,,굿,,,,,,
개와고양이의시간,경기,accomo,4.81,"처음 맡기게되어 걱정 많이했는데 낮에는 유치원 친구들도 있어서 잘 지낸것같아요^^
다음에 또 이용할께요^^",https://search.pstatic.net/common/?autoRotate=true&quality=95&type=w750&src=https%3A%2F%2Fnaverbooking-phinf.pstatic.net%2F20220817_270%2F1660741311023V5cJ2_JPEG%2Fimage.jpg,,,,,
개의꿈,전남,accomo,,"이번 휴가때 진도 쏠비치 펫룸을 예약하지 못해 호텔링을 찾던중 개의꿈을 찾고 급하게 예약했는데도 친절하게 잘 받아주셨고 수시로 애견 상황과 동영상을 공유해 주셔서 너무 만족스러웠고 감사했습니다. 혹시 윗지방에서 진도쏠비치 가시는 분은 목포 경유하셔서 맡기셔면 좋을것 같아요. 
사장님 덕분에 휴가 잘 보냈습니다. 다시 한번 리뷰 통해서 감사의 말씀 전합니다",https://search.pstatic.net/common/?autoRotate=true&quality=95&type=w750&src=https%3A%2F%2Fpup-review-phinf.pstatic.net%2FMjAyMjA4MDdfMjc4%2FMDAxNjU5ODQ3MjI1MjA2.twanViHXtdGTNUZqZ-hHtrvAd5sKns9I9yYNQaPNDnYg.wS94Lo5KmFR9ss6njtpptNYUdV6BQ6_zsf1IK6pzbOIg.JPEG%2Fupload_d34186ce82a5d5ffc706e9c8edabde9f.jpeg,,,,,
개인공간,울산,accomo,4.93,놀때는 신나게 놀고 쉴때는 편하게 쉴수있는 개인공간!,https://search.pstatic.net/common/?autoRotate=true&quality=95&type=w750&src=https%3A%2F%2Fmyplace-phinf.pstatic.net%2F20210725_41%2F1627183430484xvXh5_JPEG%2Fupload_0c08748102072a6b09451f0481ddbbe9.jpg,,,,,
개코스,서울,accomo,,믿고 맡길수 있는 곳이에요. 항상 수고해주시는 선생님들 감사합니다~~,https://search.pstatic.net/common/?autoRotate=true&quality=95&type=w750&src=https%3A%2F%2Fnaverbooking-phinf.pstatic.net%2F20220727_241%2F1658874334081lbtG1_JPEG%2Fimage.jpg,,,,,
개편한세상,인천,accomo,,"직원분들 다 친절하시고, 사진도 이쁘게 찍어 보내주셔서 너무 만족합니다.",https://search.pstatic.net/common/?autoRotate=true&quality=95&type=w750&src=https%3A%2F%2Fpup-review-phinf.pstatic.net%2FMjAyMjA3MTlfMTUz%2FMDAxNjU4MjAzNjc4NDc0.ro8aFfijAAjn9f3nHzRmMOvncygaQB-hnCyLVCmlsUAg.To0F53SLS4oXgJdbOkslXP2kv-c_L2BS-cgRINAuHYgg.JPEG%2Fupload_f6b88dcac00e44f8ad544fd376a5a395.jpeg,,,,,
고마워복실아,전북,accomo,4.63,"처음 호텔이라 어떨지 걱정됐는데.. 
잘 지내서 다행이네요~~ 
잘봐주셔서 항상 감사합니다",https://search.pstatic.net/common/?autoRotate=true&quality=95&type=w750&src=https%3A%2F%2Fmyplace-phinf.pstatic.net%2F20210314_15%2F1615721988860eB7wg_JPEG%2Fupload_6f363bac424acdf7d84c898929003d91.jpeg,,,,,
고양이 호텔 냥이 아지트,서울,accomo,,잘 이용했어요,,,,,,
고양이냥냥호텔,인천,accomo,,"친정에 일이생겨서 저녁에 급히 연락드리다보니 입실시간보다 늦어졌는데도 친절하게 기다려주셨어요.

호텔링을 처음 시키는지라 너무너무너무 걱정이 많았는데요 (모든 집사님들은 다들그러실거에요ㅠㅜ냥이들이 워낙 예민체이니까요)
그러나 저보다 천배만배는 더욱 잘 보육해주시네요ㅋㅋㅋㅋ 정말 괜한걱정....
.
실내인테리어도 깔끔하고 매우청결합니다.
방역소독을 위해 퇴실한후 소독과 환기도 철저히 하시는점도 인상 깊었습니다.

첫찌고양이가 높은곳, 낯선곳, 개방된곳 갖은 곳곳곳을 다싫어하는 상공주이신데, 여기에서 캣타워 캣폴슬라이드등 사용법을 숙지하고(?)왔어요ㅋㅋㅋ

매일 사진,움짤들과함께 하루 기록을 상세하고 세심히 보내주시고요. 대소변상태까지 체크해주십니다
저는 재이용의사1000프로에요 강추합니다!!",https://search.pstatic.net/common/?autoRotate=true&quality=95&type=w750&src=https%3A%2F%2Fmyplace-phinf.pstatic.net%2F20211108_152%2F16363433166389wnyl_JPEG%2Fupload_a73b752df82196864e0ebd7b44e55d61.jpg,,,,,
고양이를 부탁해,경남,accomo,,조용하고 좋아요,,,,,,
고양이민박,대전,accomo,,사장님들이 고양이한테 잘해주시고 많이 신경써주세요,https://search.pstatic.net/common/?autoRotate=true&quality=95&type=w750&src=https%3A%2F%2Fmyplace-phinf.pstatic.net%2F20210813_265%2F1628837629516vi91k_JPEG%2Fupload_f5a77219227e4f14779c663ebbb87ebc.jpeg,,,,,
고양이역보호소,인천,accomo,,"고양이들 많아서 좋았어요
확실히 간식주면 가까이 와주네요ㅎㅎ

더운 날 가서 그런지 너무 더웠어요
야외에 그늘이 조금 더 많으면 좋았을 것 같아요

아픈 고양이들 빨리 건강해지길 바래요!",https://search.pstatic.net/common/?autoRotate=true&quality=95&type=w750&src=https%3A%2F%2Fpup-review-phinf.pstatic.net%2FMjAyMjA4MThfMTcw%2FMDAxNjYwNzgwNTQ3MTky.2F10WWMVHM6x6aY66zYmbEHgklgsqlGlPLGz3bevdmYg.vNiGs3upVfzBDsfjsKrsTrV8qI1UvUBkp0Cn8-vOvQwg.JPEG%2Fupload_b0a6b8c669a9e1759b867bdad8cc5926.jpeg,,,,,
고양이정원,대전,accomo,,,,,,,,
곰이네유치원,충북,accomo,,,,,,,,
곱닥한개,제주,accomo,4.75,"오픈때부터 다니는 유치원이에요! 픽업도 오고, 사진도 많이 보내주셔서 안심하고 보낼수있어요 ㅎㅎ 호텔링 맡겨도 항상 잘 챙겨주시고 피드백도 빠르게 해주십니다! 유치원에서는 얼마나 잘 놀았는지 집와서는 바로 기절이에요 ㅋㅋ프로그램도 항상 바뀌고, 이벤트도 많아요! 유치원은 곱닥한개로 보내라고 할정도로 소문이 자자합니당~~~",https://search.pstatic.net/common/?autoRotate=true&quality=95&type=w750&src=https%3A%2F%2Fmyplace-phinf.pstatic.net%2F20210521_27%2F1621582122095UEva2_JPEG%2Fupload_5df2a273773d2f109164f91db36d4ba6.jpeg,,,,,
공드린개과점,대구,accomo,,시설이랑 관리자분 다 그저 그렇.. 견주가 잘 관리하는지 제대로 확인할 수가 없어서 그게 좀 아쉽네요ㅇㅇ,https://search.pstatic.net/common/?autoRotate=true&quality=95&type=w750&src=https%3A%2F%2Fmyplace-phinf.pstatic.net%2F20200621_99%2F1592736125980zWDdv_JPEG%2Fupload_55d9bb59cd8054587fb673654b61cd7e.jpg,,,,,
광주애견호텔유치원 소유펫,광주,accomo,,,,,,,,
김구백이,강원,accomo,,신경을 많이 써줘요,https://search.pstatic.net/common/?autoRotate=true&quality=95&type=w750&src=https%3A%2F%2Fmyplace-phinf.pstatic.net%2F20220322_103%2F1647937225123LaGsf_JPEG%2Fupload_1a59f0fa95b81084910438bb5db7a86c.jpg,,,,,
깨둥이네,충북,accomo,,,,,,,,
꿈,대전,accomo,,,,,,,,
냥글냥글고양이호텔,서울,accomo,,,,,,,,
냥냥쌀롱,전북,accomo,,고양이 잘 달래가면서 친철하게 이쁘게 잘해주세요~^^  감사합니다   미용하고와서 컨디션이 안좋아질까봐 걱정해는데  좋네요~^^     ,https://search.pstatic.net/common/?autoRotate=true&quality=95&type=w750&src=https%3A%2F%2Fpup-review-phinf.pstatic.net%2FMjAyMjA2MjhfMjAy%2FMDAxNjU2NDExNDE2NjYw.0UJljf0rDD0r2B8BFo5aJjoAJPCLhTWSfwaGnaJdA7cg.gjRaEQvl074yLnsaSrwrZqwXiZ-FjoyPv2B3yHVtHOgg.JPEG%2Fupload_a921080c457787b4541f7f6e7af27ff2.jpg,,,,,
네모강아지,경북,accomo,,,https://search.pstatic.net/common/?autoRotate=true&quality=95&type=w750&src=https%3A%2F%2Fmyplace-phinf.pstatic.net%2F20211219_44%2F1639915515535LSzop_JPEG%2Fupload_ce192338bd69c6809a0fbdad8ae1e865.jpeg,,,,,
노케이지애견호텔,충남,accomo,4.87,"코로나로 인해 보호자의 실내 입장은 차단된다. 열린 문틈 사이로 들리는 개 짖는 소리들..

2박 호텔 이용, 호텔링에 회의감이 든다.
노케이지가 과연 아이들에게 좋기만 한 건지..
작거나 소심한 아이는 숙고해 볼 문제다.

그리고 아이 픽업 시 아이 상태를 꼼꼼히 살핀 후 데려오기를 절대적으로 당부한다. 아이를 차에 태우는 순간 책임 소재는 불명확해지고 불유쾌한 다툼이 생길 수 있다. 

기분 좋게 여행을 다녀와서 기분을 완전히 망쳐버렸다.
어제 CCTV를 확인하기로 했는데 지금까지 아무런 연락이 없다. 확인 결과가 어찌 되었든 업체의 문제 대응 방식, 응대 태도는 참으로 실망스럽다.

참고로 아이의 상처는 픽업 후 100미터 정도 차량 이동 중 발견, 10-15분 정도 후 주차장에 하차해 사진을 찍었다.",https://search.pstatic.net/common/?autoRotate=true&quality=95&type=w750&src=https%3A%2F%2Fpup-review-phinf.pstatic.net%2FMjAyMjA4MTlfMTY3%2FMDAxNjYwODk2MDY5NjUy.Gi_LC39g4mzA00XaCTIqT62QRQgiI8xU59widiyOn0kg.Ry8JMcwuFcEr1J7frZsD00Ikb72Sa83oED_HtY_HN60g.JPEG%2Fupload_5381f3bb78d2296fca35a21366ce79cd.jpg,,,,,
놀다가개,강원,accomo,,,,,,,,
놀다가시개 애견호텔유치원,충남,accomo,,"울보리 처음 유치원간건데,
시상에.. 제 착각으로 맡기는 상호명과 위치를  잘못 알고 바람에 맡기기로 한곳에 안 맡기고
여기에 맡기고 난 후 연락이 없어 연락했는데
안 맡겼다고.... ㅜㅜ
위치설명 하니 놀다가시개 였어요
친언니 지인분들이 다니신다고 했던 유치원인거 알고 놀랬어요
당일 입실 안되는거 알고 있었지만,
다행히도 받아 주셔서 너무 감사하고
죄송했어요,
실시간으로 동영상 및 사진 찍어 보내주시고
챙겨주셔서 감사합니다
보리는 엄청 피곤했는지 밥먹고 곤히 잠들었답니다",https://search.pstatic.net/common/?autoRotate=true&quality=95&type=w750&src=https%3A%2F%2Fmyplace-phinf.pstatic.net%2F20210720_190%2F16267877401337dcWp_JPEG%2Fupload_3cceeedbad268e1496faa25ccaa67a3b.jpg,,,,,
다녀오개,경북,accomo,4.71,좋아요 ,https://search.pstatic.net/common/?autoRotate=true&quality=95&type=w750&src=https%3A%2F%2Fmyplace-phinf.pstatic.net%2F20210502_11%2F1619938707569EQ80D_JPEG%2Fupload_8eb77b238cf0681d68b28b4ddc161a58.jpg,,,,,
달려라멍멍 애견유치원,충남,accomo,,우리아이 마음편히 믿고 맡길수있어서 좋아요! 사장님부부 넘 친절하세요^^,,,,,,
달려봐요댕댕이숲 애견유치원호텔,충남,accomo,,좋아요,,,,,,
달봉이 펫 호텔,부산,accomo,,친절해요 ,,,,,,
달중이네애견호텔,제주,accomo,,"안전하고, 깨끗하고 믿음이 가는 곳입니다. 육지나갈때 불안하지 않게 아이 맡기고 다녀올수 있게 해주셔서 감사합니다~",https://search.pstatic.net/common/?autoRotate=true&quality=95&type=w750&src=https%3A%2F%2Fmyplace-phinf.pstatic.net%2F20201212_273%2F1607746009131uRo4r_JPEG%2Fupload_983a9c4f9ddd22337a0abdf7a986020b.jpeg,,,,,
댕글벙글,부산,accomo,,,,,,,,
댕댕놀이터,제주,accomo,4.61,친절하고 좋아요,,,,,,
댕댕아놀자 애견유치원,부산,accomo,4.99,영상도 주시고...애들이랑노는모습 찍어주셔서 감사했어요...ㅇ^^,https://search.pstatic.net/common/?autoRotate=true&quality=95&type=w750&src=https%3A%2F%2Fnaverbooking-phinf.pstatic.net%2F20220526_223%2F1653560675799s18oI_JPEG%2Fimage.jpg,,,,,
댕댕유치원,충남,accomo,4.88,사장님이 친절하시고 우리 애들도 잘 놀다 왔네요~^^ 또 올께요!,https://search.pstatic.net/common/?autoRotate=true&quality=95&type=w750&src=https%3A%2F%2Fmyplace-phinf.pstatic.net%2F20200628_203%2F1593321885382Uw7WH_JPEG%2Fupload_3b62630862da236a98c15afd54704f10.jpg,,,,,
댕댕이 보호구역 반려견유치원,경남,accomo,,믿고 맡겼습니다 재방문의사 있어요,,,,,,
도그문,경기,accomo,,휴가철을 위해 호텔을 이용했어요 인테리어도 알록달록 귀엽고 청결한데도 머니머니해도 아이들을 정말 진심으로 케어해주시는것같아요~ 호텔을 처음 이용하는거라 분리불안도 심해ㅠ 걱정이 정말 많아 고르고 골라 도그문을 이용하였지만 맡기고 가면서도 불안한건 어쩔수없었어요 제가 너무 걱정한 탓일까 원장님께서 일괸도 자주 보내주셨는데 걱정과 달리 선생님들 케어로 인해 아이표정이 너무 밝아져 잘지내고 있는것 같아 맘이 아주 놓였습니다 사람과 늘 붙어자는 아이라 한번도 떨어져본적이 없어서 자는것도 걱정이었는데 원장님께서 데리고 밤을 지새주셨네요^^ 너무 열심히 신경써주시고 케어해주셔서 너무너무 감사드립니다~다음에 또 맡길 일있으면 맡기겠습니당^^,,,,,,
도그비앤비,전남,accomo,,"두번째 방문~ 이제는 친구들과 인사하며 금방 적응하네요~선생님들의 세심한 배려와 아이에 특성에 맞는 케어 덕분에 믿고 놀러 갔는데 , 역시 대만족~^^
집에와서 꿀잠 잤네요~~~ㅎㅎㅎ",https://search.pstatic.net/common/?autoRotate=true&quality=95&type=w750&src=https%3A%2F%2Fpup-review-phinf.pstatic.net%2FMjAyMjA4MTRfMTcx%2FMDAxNjYwNDYwMjMwOTg1.EeghO8fN0C-4kWYpeS_y_a9H0crrSBVQnkJeRkOrtyMg.L8gkq_fP9k5-RYmMXQk4VgXbSQyw0LdgDYna9Jao78Ig.JPEG%2Fupload_c1d61e3deb77541645efa7375d0b2ade.jpg,,,,,
도그비잉펫케어 2호점,서울,accomo,,선생님이 강쥐들을 이뻐하시는게 느껴져요~믿고 맡길수 있는곳이라 좋아요^^,https://search.pstatic.net/common/?autoRotate=true&quality=95&type=w750&src=https%3A%2F%2Fpup-review-phinf.pstatic.net%2FMjAyMjA3MTNfMTk1%2FMDAxNjU3NjkwMDA3MjM5.IYvWQXKKOc1wF_u94AxXQZCvh_qROyPhqLwzMAnrp44g.iFm1UOsALSewuu0W31qYiSuNqh931Hl2RTBPumlLMcEg.JPEG%2Fupload_0f462575ca5d053cb3bc87da9bd33341.jpeg,,,,,
도그원 애견호텔&유치원,서울,accomo,4.65,"예약하자마자 바로 연락주셔서 날짜와 시간 잡았고 연락주시기로 했지만
당일 연락 안주시길래 4시쯤 연락했더니 안받으셨고
3일 지나도 안주시길래 02~ 번호로 연락했더니 바로 받으시더라구요. 네이버 통해서 전화드렸는데 기록이 남지 않나보네요. 

첫 상담 예약이었지만 잊으신건 좀 아쉽네요. 상담은 다시 연락드리기로해서 아직 상담을 받짐 않았습니다. ",https://search.pstatic.net/common/?autoRotate=true&quality=95&type=w750&src=https%3A%2F%2Fnaverbooking-phinf.pstatic.net%2F20220104_49%2F1641304178716g3m3h_JPEG%2Fimage.jpg,,,,,
도그텔,충남,accomo,,,,,,,,
도그플래닛,경기,accomo,4.86,"다녀오면 항상 지쳐 잠들어요 ㅋㅋㅋㅋㅋㅋㅋㅋ 여기저기 마킹하고 돌아다녀서 그런지 ..
항상 믿고 맡깁니다 감사합니다^^",https://search.pstatic.net/common/?autoRotate=true&quality=95&type=w750&src=https%3A%2F%2Fnaverbooking-phinf.pstatic.net%2F20220816_180%2F1660619689926VWseV_JPEG%2Fimage.jpg,,,,,
도니바니,경기,accomo,4.59,우선 아이들을 분양받고 6년만에 처음 어딘가에 맡긴다는 걱정만 한움큼 안고 도니바니에 아이들을 맡겼습니다...정말 소심하고 애민한아이들을 많은 애정으로 보살펴주시고 실시간으로 동영상 사진부터 아이들이 밥을 안먹으면 가족같은 맘으로 걱정해주시고 어떻게든 먹이려고 노력해주시고 정말너무 감사하고 처음이로 마음놓고 열씨미놀고 왔습니다 다음에도 꼭 진짜 꼭 맡기고 여행다닐께요 3일동안 고생많으셨습니다^^감사합니다,https://search.pstatic.net/common/?autoRotate=true&quality=95&type=w750&src=https%3A%2F%2Fpup-review-phinf.pstatic.net%2FMjAyMjA4MTBfNDcg%2FMDAxNjYwMTM1MTIwNzQ0.WEDzyhAhN7K6H5fsX-xNpM-JB7SsYTZPbOOMfi3acj4g.FtntQG7JmcxMSGAUNBt_LjXINxZM6kMcZHYmM0kljRcg.JPEG%2Fupload_076d2af48354eb982cb702f8c9e2eb92.jpg,,,,,
도담도담,경남,accomo,4.5,배추푸딩이가 젤 신나게 놀다오는곳! 사진도 많이찍어보내주시구 믿고맡길수 있는곳이에용ㅎㅡㅎ 댕댕이친구드라 가티놀자~,https://search.pstatic.net/common/?autoRotate=true&quality=95&type=w750&src=https%3A%2F%2Fpup-review-phinf.pstatic.net%2FMjAyMjA4MjBfMTI0%2FMDAxNjYwOTg3ODExMTQ0.hLZwWHjQpnF6FGHDkNJq45C8wDzwlS6ux3n8h-MpQFwg.JLUrzN5qtcz2o4YYnVaZenpPnzHVXstLH43lmdux9pAg.JPEG%2Fupload_6a30d8018a3411a5f775c59dadc3d50a.jpg,,,,,
도도네 개집,광주,accomo,,,,,,,,
도도펫 애견호텔&놀이터,울산,accomo,,언제나 믿고 맡길 수 있어요,,,,,,
도로시지켜줄개,인천,accomo,,,,,,,,
독독,인천,accomo,4.83,굿,https://search.pstatic.net/common/?autoRotate=true&quality=95&type=w750&src=https%3A%2F%2Fpup-review-phinf.pstatic.net%2FMjAyMjA0MjVfMTQw%2FMDAxNjUwODU5MzU1MTU3.l_H6svc07VPTpRGjcX8Tn0Kj7EpuaQmKaWQGDVgIFgIg.BKGWvVCJYhjZjyxzcUmk63_PFHfHVqgnJ2pSDvE4Wzgg.JPEG%2Fupload_6d2d4e88263347e560d189a77726b037.jpeg,,,,,
독스타,충북,accomo,,훈련사님께서 잘 봐주시고 잘 챙겨주셔서 너무 감사합니다~~~~ 또 방문하고 싶네요,https://search.pstatic.net/common/?autoRotate=true&quality=95&type=w750&src=https%3A%2F%2Fnaverbooking-phinf.pstatic.net%2F20220819_112%2F1660900318063u2AYW_JPEG%2Fimage.jpg,,,,,
독스호텔리어,대구,accomo,,호텔에 강아지들이 많지만 세심하게 잘봐주세요 ㅎㅎㅎ,https://search.pstatic.net/common/?autoRotate=true&quality=95&type=w750&src=https%3A%2F%2Fmyplace-phinf.pstatic.net%2F20220407_235%2F1649310387136ew2SQ_JPEG%2Fupload_0b31a10ad4e917bc00d1352098e24a39.jpg,,,,,
돌봐줄개,인천,accomo,4.79,친절하시고 울강아지 잘돌봐주셔서 좋아요,,,,,,
두두펫케어,부산,accomo,5,주차장이 있어 잠시 주차하기도 편하고 호텔링후에 목욕도 같이 할 수 있어 좋네요 번창하세요,https://search.pstatic.net/common/?autoRotate=true&quality=95&type=w750&src=https%3A%2F%2Fpup-review-phinf.pstatic.net%2FMjAyMjA2MjhfMjMx%2FMDAxNjU2Mzg0MjkzNzQx.JKRL_yOVv0EyOuO9ql3Gnb8e0hJwn0DqQuDHLHXSSjQg.HorgzP_hu_OTgBRwUzFzIoXzriSh8x7be-EbGIMjYkkg.JPEG%2Fupload_1a7f6f1caf393959c8db8d9066ea7a40.jpg,,,,,
두류댕댕 애견카페,대구,accomo,4.8,좋아요,https://search.pstatic.net/common/?autoRotate=true&quality=95&type=w750&src=https%3A%2F%2Fmyplace-phinf.pstatic.net%2F20220413_84%2F1649810396089HXDwS_JPEG%2Fupload_559c34bc7dc09d8f5e29974e21f7ac46.jpg,,,,,
드림애견유치원,충남,accomo,,"친절하신 원장님과 선생님들,,  한껏 올라간 꼬리가 재미지다는 반증!",https://search.pstatic.net/common/?autoRotate=true&quality=95&type=w750&src=https%3A%2F%2Fmyplace-phinf.pstatic.net%2F20211122_87%2F1637578916492XmB0e_JPEG%2Fupload_87c7b2344eedacf4ef20e9897a5312b3.jpg,,,,,
디케어텔,대구,accomo,4.87,항상 친절하고 세심하게 케어해주셔서 안심하고 이용합니다^^,https://search.pstatic.net/common/?autoRotate=true&quality=95&type=w750&src=https%3A%2F%2Fpup-review-phinf.pstatic.net%2FMjAyMjA4MjBfNjcg%2FMDAxNjYwOTg1MDY4MDQ5.-ZtteyrhT0DzFQtlCOLWs2DIiMAMsexCyQKDf6qN7kEg.Vju3cD6PbOz882f39jafqSBd5x0kPXhty2irtn7-EoYg.JPEG%2Fupload_5033bd6c3ea2ac419ac1bb356e4c75b1.jpg,,,,,
딩굴댕굴 애견호텔유치원,충남,accomo,,,,,,,,
딩동댕독 애견유치원호텔,충남,accomo,,,https://search.pstatic.net/common/?autoRotate=true&quality=95&type=w750&src=https%3A%2F%2Fmyplace-phinf.pstatic.net%2F20220121_207%2F16427208804061dvQq_JPEG%2Fupload_00374b0304f4dc1d2b57299fa3fb2a3b.jpeg,,,,,
딩동댕치원,부산,accomo,,호텔링 맡겼는데 유치원이 너무 깨끗하고 아이들 케어도 세심하게 잘봐주십니다! 컨디션이 엄청 좋네요,https://search.pstatic.net/common/?autoRotate=true&quality=95&type=w750&src=https%3A%2F%2Fnaverbooking-phinf.pstatic.net%2F20220706_49%2F1657080095295mUbFp_JPEG%2Fimage.jpg,,,,,
랑랑이네하숙,전북,accomo,,,,,,,,
러블리캣,대구,accomo,,,,,,,,
룰루랄라네,전남,accomo,,,,,,,,
리틀원유치원,경기,accomo,4.74,슈가 최고,https://search.pstatic.net/common/?autoRotate=true&quality=95&type=w750&src=https%3A%2F%2Fmyplace-phinf.pstatic.net%2F20220101_299%2F1641011870644dWStP_JPEG%2Fupload_53bd072face649d8ef625deca70f4bcb.jpg,,,,,
마이펫시터,경북,accomo,,,,,,,,
마이펫의이중생활,부산,accomo,,"울 아가 잘 맡아주셔서
편하게 놀다가 왔어요 감사합니다",,,,,,
매리는외박중,충북,accomo,,,,,,,,
멍's,인천,accomo,5,좋아용,https://search.pstatic.net/common/?autoRotate=true&quality=95&type=w750&src=https%3A%2F%2Fmyplace-phinf.pstatic.net%2F20210506_2%2F16202775832092suqe_JPEG%2Fupload_6f941bf44046a67db194c091eef647d0.jpeg,,,,,
멍더랜드,제주,accomo,,사진 잘 보내주셔서 좋아요,https://search.pstatic.net/common/?autoRotate=true&quality=95&type=w750&src=https%3A%2F%2Fmyplace-phinf.pstatic.net%2F20210805_203%2F1628115019161koMHV_JPEG%2Fupload_dcc32d05f6adcb36884a5011d6b99958.jpg,,,,,
멍데이 애견유치원,경남,accomo,,,,,,,,
멍돌하우스,서울,accomo,,,,,,,,
멍멍스쿨,전북,accomo,,,,,,,,
멍멍아 여기어때,경남,accomo,,,,,,,,
멍멍아 학교가자 애견유치원,대구,accomo,,,,,,,,
멍뮤니티 애견유치원,경북,accomo,,,,,,,,
멍블리스 [미용/유치원/호텔],경기,accomo,,,https://search.pstatic.net/common/?autoRotate=true&quality=95&type=w750&src=https%3A%2F%2Fpup-review-phinf.pstatic.net%2FMjAyMjA2MzBfMjc5%2FMDAxNjU2NTc3MzIxOTgz.dZMIUopWlm2IO57rIkiOtrxmLDkv5_gq6XIL8xUbN4kg.JLVE5BDqHdhYV2GgimyCBioLimi3RM4Ae3UnUsNhd-Qg.JPEG%2Fupload_96ad7ba361ae7536be27ced78b2e917a.jpg,,,,,
멍생멍사,인천,accomo,4.09,굿,https://search.pstatic.net/common/?autoRotate=true&quality=95&type=w750&src=https%3A%2F%2Fpup-review-phinf.pstatic.net%2FMjAyMjA1MDVfMTY3%2FMDAxNjUxNzI2OTM5MDQ5.EBXAFXC1wLkMGxRMpaqEcsxSfCZFz4h9LaqXL_YSB24g.H1JyoHxqmWB4d9BQCPTChLKUfR1hIif3WRtPoFCiqw8g.JPEG%2Fupload_f98673762b2d015da3719bf38f301304.jpg,,,,,
멍쉘 애견카페&호텔,울산,accomo,4.88,넓고 시원~해요.,https://search.pstatic.net/common/?autoRotate=true&quality=95&type=w750&src=https%3A%2F%2Fpup-review-phinf.pstatic.net%2FMjAyMjA1MjhfMjYy%2FMDAxNjUzNzI4Mjk3OTQ4.461nfhWtN614bC_98-f91hs7b_4lZOF8EbPqX3K6Bwog.PBOKsKEDK4BXWF3gyf0R5RGAhv7LcbBLNFSeqtJcQdYg.JPEG%2Fupload_e24d6f9a05cb0f62a9842e69f13d573b.jpg,,,,,
멍스토어,광주,accomo,4.42,,,,,,,
멍지중지,울산,accomo,,,https://search.pstatic.net/common/?autoRotate=true&quality=95&type=w750&src=https%3A%2F%2Fmyplace-phinf.pstatic.net%2F20220420_223%2F1650424451625bJ9PN_JPEG%2Fupload_3d460054e9f598f6376d0d29bd0242d2.jpeg,,,,,
멍지트,서울,accomo,,,https://search.pstatic.net/common/?autoRotate=true&quality=95&type=w750&src=https%3A%2F%2Fpup-review-phinf.pstatic.net%2FMjAyMjA0MjZfMjk0%2FMDAxNjUwOTgxMzA0ODg0.vSGvMwxTU0GbjAkwaCl1hSxA19Vm59ujHdHNkwzV8tcg.DfoGATyglwhD0WLSPuJpNvoJAfca0mKVY4OXzBM1-6sg.JPEG%2Fupload_cf70c920557ab3fe766697aed6e94720.jpg,,,,,
멍크라운 프리미엄 애견유치원,부산,accomo,,"하루 맡겨봤는데 1~2시간마다 아이 잘 노는 사진 보내주시고, 무엇보다 아이가 너무 좋아하네요 ~^^ 인공잔디운동장이 좋은가봐요. 소심한 아이가 잘 적응하는 것 같아서 안심했어요. 선생님들도 다들 활기차시고 긍정적이신 것 같아서 걱정되던 맘을 조금 내려놓았네요~^^ 생긴지 널마 안되서인지 깨끗합니다.",https://search.pstatic.net/common/?autoRotate=true&quality=95&type=w750&src=https%3A%2F%2Fpup-review-phinf.pstatic.net%2FMjAyMjA4MTFfMTQ3%2FMDAxNjYwMTg3NjE4MzM4.BsY9aoAu6NIosq552dxrlIaPlzc-5kwmTsn0kGkMGmIg.n3iwYcDX5qoFieyhc8mWb11lvAlmlCUcN9t5qaK262cg.JPEG%2Fupload_bd3f976c9179f1c2b968238beeb4b7eb.jpg,,,,,
멍투게더 강아지유치원,서울,accomo,,사장님이 친절하셔요~~,https://search.pstatic.net/common/?autoRotate=true&quality=95&type=w750&src=https%3A%2F%2Fpup-review-phinf.pstatic.net%2FMjAyMjA1MDZfOTQg%2FMDAxNjUxODMxNDU3NDEz.IuaeXtcHqWbfBeEg63BAC1QQTndSISvdfdh6J3cUITkg.5M46lvdoH3AARTP88phD3NVOUNhZHlx-VoLyGSc4qZgg.JPEG%2Fupload_24831736913f2bb3816bdb8b405f0d2f.jpeg,,,,,
멍품애견유치원호텔,강원,accomo,,,,,,,,
메종드캣,광주,accomo,,,,,,,,
멜팅독 유치원,대구,accomo,,,,,,,,
모노모노몽,부산,accomo,,좋아요,https://search.pstatic.net/common/?autoRotate=true&quality=95&type=w750&src=https%3A%2F%2Fmyplace-phinf.pstatic.net%2F20210615_117%2F1623740756632RBvvL_JPEG%2Fupload_2a7312b1a18c85ae1a06d3aa66679580.jpeg,,,,,
모모댕댕유치원 달서점,대구,accomo,,저희 아이가 항상 집에 혼자 있어서 믿고 맡길 곳을 찾고 있었는데 저희 집 근처에 강아지 유치원이 있더라구요 ㅎㅎ 그래서 상담도 받고 다니고 있는데 정말로 친절하시구 사진이랑 영상도 주시니깐 안심되서 계속 보내고 있어요 ㅎㅎ 거기다가 3개월 연속으로 다니면 10%로 할인까지 정말로 크네요! ㅎㅎ 앞으로도 계속 보내고 싶어요 ㅎㅎ,,,,,,
모모댕댕유치원 북구점,대구,accomo,,,https://search.pstatic.net/common/?autoRotate=true&quality=95&type=w750&src=https%3A%2F%2Fpup-review-phinf.pstatic.net%2FMjAyMjA4MTlfMjEy%2FMDAxNjYwODg4MDQzOTQ2.9_16u11gliuDx62Z826vXgs6X6VuZN4BjKkxoKazgBog.ZUysSZf34DdRXxK6J1kCrfzYJirWzs8IaS1NPQfbQ8sg.JPEG%2Fupload_13b14a13c3b75f318430da7fbb7ed9ca.jpeg,,,,,
모모의고양이호텔,서울,accomo,,,,,,,,
모모의여름,충북,accomo,4.32,,https://search.pstatic.net/common/?autoRotate=true&quality=95&type=w750&src=https%3A%2F%2Fpup-review-phinf.pstatic.net%2FMjAyMjA0MzBfMjI2%2FMDAxNjUxMzA2NzQ4ODg2.fcyaU3AsAapGSR5h58Y7IThSepnSei2Hfse0EY2pRL8g.E3VnnY16JOnDbVayV9zQnRxCb5QQoaEHmdZd2i7MUvAg.JPEG%2Fupload_ab913baf215516efb3cc919ce29e1e4d.jpg,,,,,
몽개몽개애견호텔유치원,대구,accomo,,좋아요,,,,,,
몽들,전북,accomo,4.64,사장님이 친절하시구 애견카페인데도 커피가 맛나네용,https://search.pstatic.net/common/?autoRotate=true&quality=95&type=w750&src=https%3A%2F%2Fmyplace-phinf.pstatic.net%2F20210930_49%2F16329670095102bjEG_JPEG%2Fupload_1c2063739f15810aeab6b03c279f596f.jpg,,,,,
묘한호텔,서울,accomo,,"매일매일 사장님이 거의 화보에가까운 애기들 사진을 보내주시고, 인스타에도 올려주세요 ㅎㅎ 
인친할인 등 이것저것 할인 자동으로 해주시구
픽드랍도 엄청저렴하게해주세요
먼곳으로 이사가는데 묘한호텔은 계속이용할 생각이에요 
최고최고",https://search.pstatic.net/common/?autoRotate=true&quality=95&type=w750&src=https%3A%2F%2Fmyplace-phinf.pstatic.net%2F20200726_243%2F1595732207106X1aTR_JPEG%2Fupload_e6ebbebc6968fa89c08be7988529db32.jpg,,,,,
묘한호텔,부산,accomo,,,,,,,,
무무유치원,충남,accomo,,첫 등원에 옥상운동시간이 맘에 쏙든 블링사랑이부부 입니다.구석에 쭈리처럼 있으면 어쩌나 걱정 했는데 다행이 잘 적응해주었습니다,https://search.pstatic.net/common/?autoRotate=true&quality=95&type=w750&src=https%3A%2F%2Fmyplace-phinf.pstatic.net%2F20210812_133%2F16287663945280QN1d_JPEG%2Fupload_264c0faf428c726a163d772ec540f805.jpeg,,,,,
미뇽 애견유치원호텔,충남,accomo,,,https://search.pstatic.net/common/?autoRotate=true&quality=95&type=w750&src=https%3A%2F%2Fmyplace-phinf.pstatic.net%2F20220209_53%2F16444006372795g9rR_JPEG%2Fupload_59204b7c5b5806bd8ac86f68229db90a.jpeg,,,,,
바둑이연구소,충북,accomo,,,,,,,,
바르개,경북,accomo,,,,,,,,
박준애견호텔강아지유치원강아지훈련소,경기,accomo,,"월결제 유도안해서 좋네요
잘 때 유리장에 안가두고 상주하시니까 안심이 돼요
꼬몽이 잘돌봐주셔서 감사합니당",,,,,,
반려식탁,광주,accomo,,장기투숙은 첨이라 걱정이 이만저만이아니었는데..분리불안도 있어서 걱정이었고..다른 멍들끼리 싸운다거나 어쩌지하는 나름 문제견이라 생각되어 ㅠ 하지만 그런 걱정은 사장님이 일단락 시켜주셨어요. 매일 애들 근황 스토리 올라오고 안심이었답니다ㅎㅎ혹여 애들이 투숙 기간 동안 심심할까싶어 유치원교육도 추가비용 내고 참여하였는데 애들한테 참 좋은 프로그램이다 싶었어요 바쁜 주인에게 집에 있는 비중이 많은 애들에게 꼭 필요한 교육이랄까요  가격대비도 저렴하였구요 또 투숙기간중 사장님께서 애들 위생미용에꼼꼼히 서비스해주시는 섬세한 부분이 정말 감동이었어요 그림도 감사해요ㅎ 수제간식도 판매하셔서 한번 급여 시켰는데 탈도 없고 기호성이 좋아 특히 애들에게 좋은 화식은 사랑입니다ㅎ번창하시고 설잘보내세요 잘돌봐주셔서감사함니다,https://search.pstatic.net/common/?autoRotate=true&quality=95&type=w750&src=https%3A%2F%2Fmyplace-phinf.pstatic.net%2F20220127_274%2F1643252769976g28Ei_JPEG%2Fupload_fe3302989708a6b1f7bc54422d589918.jpg,,,,,
버블멍,인천,accomo,,좋아요. ,https://search.pstatic.net/common/?autoRotate=true&quality=95&type=w750&src=https%3A%2F%2Fmyplace-phinf.pstatic.net%2F20210920_266%2F1632111710795aDbs7_JPEG%2Fupload_1855e6a61d53f793bbb070318912bff4.jpg,,,,,
베버리독스,경기,accomo,,,https://search.pstatic.net/common/?autoRotate=true&quality=95&type=w750&src=https%3A%2F%2Fpup-review-phinf.pstatic.net%2FMjAyMjA3MjhfMjgz%2FMDAxNjU4OTk3OTE1MDQ0.c3xx2Z9qGmXBCIvt9bByUh3R12Qs6wrJrbuAt57yx9og.tzpPTEAg3zaa03Z03xfPgFDmV1CIoiv2wK_T-NmczOog.JPEG%2Fupload_1cb609a5c9e737872b071f193a9fba1f.jpeg,,,,,
베스트독스,경북,accomo,,,,,,,,
베스트프렌독,인천,accomo,4.76,"강아지를 급하게 맡겨야 되는 상황이라서 하루 전 날에 예약하고 갔는데 처음으로 호텔 맡기는 거라서 많이 불안해서 이것저것 여쭤봤는데 이럴거면 안맡겨도 된다는 둥 원장님한테 애초에 안 물어봤냔 둥 성의없게 답하시고,,강아지 맡기는데 하루종일 너무 불안했어요 ",,,,,,
별다섯 개,인천,accomo,,"처음 맡기는거라
걱정이 많았는데
세심하게 돌봐주시고 친절하세요~~!",https://search.pstatic.net/common/?autoRotate=true&quality=95&type=w750&src=https%3A%2F%2Fmyplace-phinf.pstatic.net%2F20220402_14%2F1648885841579IR9Q6_JPEG%2Fupload_35bd1f9164a7ddbdf1276b0906325115.jpg,,,,,
보라애견호텔,제주,accomo,,좋아요,,,,,,
봉봉,경북,accomo,,,,,,,,
봉주르봉구,광주,accomo,,너무 예쁘게 미용해주셔서 감사합니다.요즘 세상이 참 무서워서 미용실 믿지 못해서 맡기지 못하고 집에서 자가로 했었었는데 너무 힘들기도 하고 전문가가 아니다 보니 어렵더라구요  우리 아이들 힘들지 않고 편안하게 믿을 수  있는곳 찾다가 찾은 곳인데 이제는 제 아이들 미용은 봉주르 봉구에서만 해요 미용 끝나고 데리러 가면 애기들 표정이 너무 너무 밝구요 활기찬 모습만 봐도 사장님께서 어떻게 아가들 어떻게 대하시는지 보여요 미용도 너무 예쁘게 잘해주시고 사장님 너무 좋으세요 항상 신뢰하고 믿고 맡깁니다~~ 앞으로도 잘부탁드려요~~,https://search.pstatic.net/common/?autoRotate=true&quality=95&type=w750&src=https%3A%2F%2Fmyplace-phinf.pstatic.net%2F20220403_84%2F1648987007462WGwxk_JPEG%2Fupload_499536dce7511d294bf99eecee0c9c9a.jpg,,,,,
브이도그,대전,accomo,,호텔 맡겼었는데 사진도 많이 보내주시고 무슨일 있을때마다 알려주셔서 나중에도 편하게 맡길듯 합니다 !,https://search.pstatic.net/common/?autoRotate=true&quality=95&type=w750&src=https%3A%2F%2Fpup-review-phinf.pstatic.net%2FMjAyMjA4MTdfMjYg%2FMDAxNjYwNzA3NjU3MDgw.WnnKExR0jT8Oh33O5BkfRhGE2toH4MICN9YfD2jG0Z4g.SbuJYBwJ-N3zWmwE24v-OiNqpIHo7hEhu4e7fPdTTAwg.JPEG%2Fupload_820446d7070a9367d21aff5246423ca4.jpg,,,,,
블루밍캣,광주,accomo,,"강아지 발치와 스케일링 비용 때문에 걱정했는데 생각보다 적게 나왔고, 병원 의사선생님이 정말 친절하게 설명해 주셔서 좋았어요.",,,,,,
비로소 반려견 유치원,강원,accomo,,,,,,,,
비몽사몽,부산,accomo,,"선생님 친절하시고 댕댕이들 놀기 좋아요~~
새로생긴곳이라 넓고 쾌적합니다",https://search.pstatic.net/common/?autoRotate=true&quality=95&type=w750&src=https%3A%2F%2Fpup-review-phinf.pstatic.net%2FMjAyMjA3MzFfMjQ2%2FMDAxNjU5MjQ5NTg5NTQ2.6kcLwP9O24yZV0xoYIXkECDPIj7gYLikTDIrB1j4EFwg.89kVmHhOFnuoUIVNTfQR9As_BuQVTel6_OkDS3ShSmsg.JPEG%2Fupload_73a872c0468b2122194550aa54fdc294.jpg,,,,,
비바도기,경북,accomo,4.42,수제간식 저희 강아지가 잘먹어요!굿,,,,,,
빈스앤멍,서울,accomo,4.68,,https://search.pstatic.net/common/?autoRotate=true&quality=95&type=w750&src=https%3A%2F%2Fpup-review-phinf.pstatic.net%2FMjAyMjA4MTNfMTc2%2FMDAxNjYwMzgyMTk2NzQw.HwHnkLsX4FQBz6LWKBhwRcPTCU59le7J_Pfo3y5K6BYg.Ze_CrOyp1D73285xrVI97wbb1lUg7YvdEcKi6u6fC1Ug.JPEG%2Fupload_f77d5475a0f29e8fad9a60662385dd1a.jpg,,,,,
뽀꼬아뽀꼬,경기,accomo,,일요일 부터 화요일 까지 저희 강아지 호텔을 맡겼습니다 픽업 시간이 늦으면 추가요금이 붙는다해서 일중에잠시 시간빼서 늦지않게 도착해서 전화 해야지만 문을 열어주길래 도착해서 전화를했지만 계속 받지않고 10통정도 넘게 전화해도 받지 않고 야외테라스에서 소리가 들리길래 나와보시라고 큰소리 냈더니 그때서야 나와서 20분을넘게 기다렸다가 픽업했습니다 전화로 관리하는곳에서 이런식으로 영업하는건 진짜 아닌가같습니다 그리고 전화도 안되고 나오지 않아서 문이 혹시 열려있나 흔들었더니 강아지들이 짖는데 그런데도 나와보지 않더군요 애견호텔 이라면 강아지들이 짖으면 적어도 강아지들한테 무슨일있나 확인정도는 해야되는거 아닌가요?너무 무책임하네요 픽업하고보니 얼굴에는 똥이 굳어서 뭍어있고 집와서보니 구토도 하고 관리 진짜 엉망네요,https://search.pstatic.net/common/?autoRotate=true&quality=95&type=w750&src=https%3A%2F%2Fmyplace-phinf.pstatic.net%2F20211028_168%2F1635347972371ptn5x_JPEG%2Fupload_74c3c0d8edf13ccfef8974c0558983ef.jpg,,,,,
뽀도독,서울,accomo,4.91,,https://search.pstatic.net/common/?autoRotate=true&quality=95&type=w750&src=https%3A%2F%2Fpup-review-phinf.pstatic.net%2FMjAyMjA1MjdfMTYg%2FMDAxNjUzNjQ2NDczMDU2.Bnyx5-CnmkJVEE8BXf-RJPbuT3BexB58vsBMSz3EOqQg.MT-wMvDA5zlXIih9dVIcRY49WZMeZT-mlx2LgQEKdEEg.PNG%2Fupload_7fa96e1cce06e746eb789637a9a2eade.png,,,,,
뽀도독,울산,accomo,,,,,,,,
뽀시래기,제주,accomo,,,,,,,,
솜밤,강원,accomo,,,https://search.pstatic.net/common/?autoRotate=true&quality=95&type=w750&src=https%3A%2F%2Fmyplace-phinf.pstatic.net%2F20211010_110%2F1633837973242G4Tyi_JPEG%2Fupload_b0a871ffe71c9e3a3de96a908b452f4a.jpg,,,,,
송이하우스,강원,accomo,,,,,,,,
순복이네스핑크스 고양이호텔,충남,accomo,,,,,,,,
쉐이크테일,경기,accomo,,"일정 변경이 되어 담번으로 미루게 되었어요
날짜 변경 감사합니다~^^",https://search.pstatic.net/common/?autoRotate=true&quality=95&type=w750&src=https%3A%2F%2Fnaverbooking-phinf.pstatic.net%2F20220816_67%2F1660634469493Gbyl5_JPEG%2Fimage.jpg,,,,,
쉬어가개,울산,accomo,,넘 좋아요~~~,,,,,,
슈슈마벨,인천,accomo,,좋아요,,,,,,
신세개백화점,전북,accomo,,죠아요,https://search.pstatic.net/common/?autoRotate=true&quality=95&type=w750&src=https%3A%2F%2Fpup-review-phinf.pstatic.net%2FMjAyMjA4MTJfMTc0%2FMDAxNjYwMjY4MDk1ODg4.WjWLg7gFP2agCfRL032BZaLZPQMorx1LhoEuj1yQFIAg.lohEcv2QyL8EEfjRImg3pfev-iV3bSVJt5KRSeXyqVMg.JPEG%2Fupload_f376a0b6d3c62f9fcd6084a9c47c0a0d.jpeg,,,,,
썸바디독스,울산,accomo,,처음 갔을때 불독을 공중에 띄우면서 놀아준다고 그런건지는 잘 모르겠는데 그 모습이 너무 좀 충격이었고 불편해서 재방문 의사 없어요,https://search.pstatic.net/common/?autoRotate=true&quality=95&type=w750&src=https%3A%2F%2Fmyplace-phinf.pstatic.net%2F20210414_209%2F1618405413325OLSNq_JPEG%2Fupload_246d467459da4638e361ae36fe22c547.jpeg,,,,,
아담하개,전북,accomo,,"3박 4일 여행동안 믿고 맡길 수 있어 좋았어요
키즈노트로 수시로 사진 보내주시고요",https://search.pstatic.net/common/?autoRotate=true&quality=95&type=w750&src=https%3A%2F%2Fpup-review-phinf.pstatic.net%2FMjAyMjA3MjBfMjc4%2FMDAxNjU4MzE2MDg4MTg1.aPX_QeUF31mrqRxUKEKHKe7GqbPmMlJIfyb4zJ8LD6Qg.lwTC2rhPUq9x1TibLlaoPtTl60_Vy1HnNwpggYEJO9Yg.JPEG%2Fupload_5fba39411ce4f65b2b8d2bd4574b3113.jpg,,,,,
아람애견샵 애견호텔,경남,accomo,,ㅇㅇㅇ,,,,,,
아리스타펫호텔,충남,accomo,,유치원,https://search.pstatic.net/common/?autoRotate=true&quality=95&type=w750&src=https%3A%2F%2Fmyplace-phinf.pstatic.net%2F20220410_204%2F1649572426032HngK1_JPEG%2Fupload_827ac890ea4b6057e50babb79133e284.jpeg,,,,,
아토맘수제간식cafe,경북,accomo,,,,,,,,
안녕하개,부산,accomo,4.3,친절해요 ,https://search.pstatic.net/common/?autoRotate=true&quality=95&type=w750&src=https%3A%2F%2Fmyplace-phinf.pstatic.net%2F20210508_205%2F1620469815626j9WGO_JPEG%2Fupload_ee332bf0d5ea1548411fbaccb4893ea3.jpg,,,,,
알로몽,대구,accomo,,,https://search.pstatic.net/common/?autoRotate=true&quality=95&type=w750&src=https%3A%2F%2Fmyplace-phinf.pstatic.net%2F20220228_95%2F16460142054460S07E_JPEG%2Fupload_aa754852730ff7458667166cc678e832.jpeg,,,,,
애견유치원 반달,전북,accomo,4.75,조아요 ,https://search.pstatic.net/common/?autoRotate=true&quality=95&type=w750&src=https%3A%2F%2Fmyplace-phinf.pstatic.net%2F20210615_67%2F1623711842346Ltukv_JPEG%2Fupload_27338c8ac5720c5ad3984e675d8fdbcd.jpeg,,,,,
애견호텔 몽몽드,인천,accomo,4.86,"두번째이용인데 이번에도 역시 쌤께서 사진도 많이보내주시고 어떻게지내는지 자주 톡도주셔서 넘 맘이 편했어요
울콩이도다녀와서 스트레스없이 일상으로 잘돌아왔어요  담에도 잘부탁드립니당~",https://search.pstatic.net/common/?autoRotate=true&quality=95&type=w750&src=https%3A%2F%2Fnaverbooking-phinf.pstatic.net%2F20220627_213%2F1656301404554lVqny_JPEG%2Fimage.jpg,,,,,
애견호텔&카페 나무야,충북,accomo,4.52,,https://search.pstatic.net/common/?autoRotate=true&quality=95&type=w750&src=https%3A%2F%2Fpup-review-phinf.pstatic.net%2FMjAyMjA4MDlfMiAg%2FMDAxNjU5OTgzNjY0NzQ1.V-fEBP3Vj0zU7ao8dMP_jgXQp6F4D40g0sthnJG-y4kg.QJlN3Ao2IVvZCInxew203KBR_kk6rFob2lCs963QV5kg.JPEG%2Fupload_7b3c5c5613030d46cca8ac4b22dcd128.jpg,,,,,
애견호텔맥시,강원,accomo,,,,,,,,
애니멀하우스,경기,accomo,4.75,사장님 친절하시고 강아지 이쁘게 봐주셔서 좋았어요~^^ 성향에 맞추어 저희아이 잘 봐주셔서 감사했습니다,,,,,,
어벤멍스,대구,accomo,,너무 친절하고 좋았는데  아이가다네와서 스트레스가 많았는지  몇일 설사했어요 ㅠㅠ,,,,,,
오냥오냥고양이호텔,대구,accomo,,,,,,,,
오마이멍멍,충북,accomo,4.52,,https://search.pstatic.net/common/?autoRotate=true&quality=95&type=w750&src=https%3A%2F%2Fpup-review-phinf.pstatic.net%2FMjAyMjA4MDlfMiAg%2FMDAxNjU5OTgzNjY0NzQ1.V-fEBP3Vj0zU7ao8dMP_jgXQp6F4D40g0sthnJG-y4kg.QJlN3Ao2IVvZCInxew203KBR_kk6rFob2lCs963QV5kg.JPEG%2Fupload_7b3c5c5613030d46cca8ac4b22dcd128.jpg,,,,,
오위드,경북,accomo,,,,,,,,
오킨더,부산,accomo,,,,,,,,
온잇독,경기,accomo,,원장님 너무너무 친절하시죠.. 우리애기가 너무너무 좋아하는곳이에요!,https://search.pstatic.net/common/?autoRotate=true&quality=95&type=w750&src=https%3A%2F%2Fmyplace-phinf.pstatic.net%2F20211125_26%2F1637810813681EEuCX_JPEG%2Fupload_8dd50f04437529d9140fb4e0afa891e9.jpg,,,,,
올리스펫호텔셀프목욕,경남,accomo,5,좋아요,https://search.pstatic.net/common/?autoRotate=true&quality=95&type=w750&src=https%3A%2F%2Fmyplace-phinf.pstatic.net%2F20210128_229%2F1611765128622E0viC_JPEG%2Fupload_fc2dc0f594e1dbab79c7999605dfefd7.jpg,,,,,
왈독 강아지 유치원,서울,accomo,4.75,모카가 유치원만가면 기절해서 돌아와서 넘 좋아요ㅋㅋㅋ귀여운사진도 많이 보내주세용,https://search.pstatic.net/common/?autoRotate=true&quality=95&type=w750&src=https%3A%2F%2Fpup-review-phinf.pstatic.net%2FMjAyMjA3MjJfMTIg%2FMDAxNjU4NDYyNjk1NDE2.hhFpg1ZncDGtX5OCg_NCOBVQg8_3yY2VyGBKaGAsiqEg.VnsRaDH1mJ6E2ECu6-mmV49RZ8MoB4f71whKoinm4wYg.JPEG%2Fupload_f80a204094360fd114ff4f862b890219.jpg,,,,,
욜로펫,대구,accomo,4.28,☆☆☆,https://search.pstatic.net/common/?autoRotate=true&quality=95&type=w750&src=https%3A%2F%2Fmyplace-phinf.pstatic.net%2F20201212_246%2F1607783072878PHOgQ_JPEG%2Fupload_31b16c275e3a9ab65d7fb81a0b5e51b6.jpg,,,,,
우다닥 고양이 호텔 인천점,인천,accomo,,,,,,,,
우다닥 고양이호텔,서울,accomo,,,,,,,,
우당탕탕 사고뭉치 애견 유치원 애견호텔 애견미용,충남,accomo,,,https://search.pstatic.net/common/?autoRotate=true&quality=95&type=w750&src=https%3A%2F%2Fmyplace-phinf.pstatic.net%2F20220319_265%2F1647674824358a1FwG_JPEG%2Fupload_656b1c9e64d4a52673007792f9a5964e.jpg,,,,,
우리집 막내,부산,accomo,,급하게 집비울일 있어서 애기 맡기게됬는데 사장님 너무 친절하게 해주시고 애기사진도 보내줘서 걱정없이 다녀왔어요 ! 감사합니당 다음에도 맡길게요 ㅎㅎ,,,,,,
우리집강아지 애견호텔유치원,경기,accomo,,"1호점부터 아가 맡겼어요
항상 친절하시고 믿고 맡길수있어서 좋아요 4년넘게 꾸준히 다니고 있어요
감사합니다 ",https://search.pstatic.net/common/?autoRotate=true&quality=95&type=w750&src=https%3A%2F%2Fpup-review-phinf.pstatic.net%2FMjAyMjA4MTRfMjIg%2FMDAxNjYwNDU0NDM3ODEx.fcyNbcEKzr-g864hHiEeLAe9dL34mwWqACfgyZ1YbGkg.Vk6idnhTRgsduish06tVzMx-8Aeu3Pre-fXR5cPwv_Eg.JPEG%2Fupload_6e6735e77b47d1b34595d00152351fa9.jpg,,,,,
우리집첫째,부산,accomo,4.71,잘 지내고 있는지 사진도 자주 보내주시고 좋았어요!,,,,,,
우리집첫째 대연점,부산,accomo,,"호텔링했는데 하루하루 매일 잘 보살펴주시고, 먹는 모습, 자기전 모습, 노는 모습 사진도 모든 근무자분들이 다 보내주시는 세심함에 감동받았습니다. 강아지가 장기간 지내서 제 옷도 같이 드렸는데, 자는곳에다 잘 깔아주시는 세심함도 감동이었습니다.  그리고 깔끔합니다~! 일하시는 모든분들도 다 친절하십니다! 저희는 7일 맡겼는데 마지막에 목욕도 해주셨어요^^",https://search.pstatic.net/common/?autoRotate=true&quality=95&type=w750&src=https%3A%2F%2Fpup-review-phinf.pstatic.net%2FMjAyMjA1MjFfNzgg%2FMDAxNjUzMTAwOTIxMDA4.ZkHMEnJLGHhB0zTkv9dhVtR0RqH71dOJE3EzDFam9vwg.CdIfgnPr_SW6eTii2ml5ni_h6AefoPgF7pqXC3UQNi4g.JPEG%2Fupload_1b4707ac2f0fe5dd3d9aee8484dcccc6.jpg,,,,,
원더호텔,경북,accomo,,,,,,,,
위드펫홈,경기,accomo,,,,,,,,
이재룡의 뭉개뭉개유치원,대구,accomo,,친절하고 깨끗해요. 강아지 맡기기 안심되는곳~,,,,,,
잊지멍 애견유치원호텔,충남,accomo,,,,,,,,
잔다냥 대전점,대전,accomo,4.68,,https://search.pstatic.net/common/?autoRotate=true&quality=95&type=w750&src=https%3A%2F%2Fmyplace-phinf.pstatic.net%2F20211207_90%2F1638878169175Vzqjj_JPEG%2Fupload_8ab586c15847338087d1a7ab9d053ab7.jpeg,,,,,
잘놀개잘자개,경기,accomo,4.83,"안녕하세요.동주입니다.주인도 강아지도 관심 받는거 엄청 좋아하는데
저와 동주의 완벽한 mbti 'E' 적인 부분을 채워주셔서 감사합니다.
여행가있는 동안 생각할 틈 없이 카톡이 와있을정도로 틈틈히 첫날에 걱정되지 않게 연락주셔서 감사합니다.사실 저는 개인적으로 핸드폰 하루종일 붙잡고 사진 많이 보내주시는 선생님들보다 강아지들한테 더 집중해주시고 관심가져주시는 선생님을 더 좋아하는데 아주 만족했습니다.그리고 물론 손님한테도 친절한게 맞을수도있지만 신랑이랑 저는 사람보다 강아지를 더 좋아해주시는게 느껴진다고 입이 마르도록 칭찬했습니다.(!?오해금지..)사장님 두분은 천직이신거 같습니다.더쓰고싶은데400자만쓰라네요.최대한 간추렷습니다.
마지막사진은 잘놀고 눈풀려서 지쳐있는 동주의 모습이니 오해없으시길 바랍니다.",https://search.pstatic.net/common/?autoRotate=true&quality=95&type=w750&src=https%3A%2F%2Fpup-review-phinf.pstatic.net%2FMjAyMjA4MTlfMjI1%2FMDAxNjYwOTAxMTU5NTY4.jySUTLLV7FjQDLG086PKmXpGhXc1cOZASFfAhi8sHr8g.9AWF0wfAeppf50Or1xCWK8sHdRA7KwQ4maXvMMWP_eEg.JPEG%2Fupload_59ea204b5c6a4dd7a9e146df094e6e0a.jpg,,,,,
장수멍냥,울산,accomo,,"7박8일 호텔 맡기는동안 산책도 매일 해주시고 
긴 기간동안 맡겨 걱정되는 마음 아시는지
애기 사진도 매일매일 보내주셨어요
애기 표정도 밝아서 마음이 놓였습니다!
사장님도 친절하시고 세심하게봐주셔서
다음에 또 믿고 맡기겠습니다!",https://search.pstatic.net/common/?autoRotate=true&quality=95&type=w750&src=https%3A%2F%2Fmyplace-phinf.pstatic.net%2F20220326_11%2F1648295306729PaLXn_JPEG%2Fupload_52e6ad6e32ff4c67b33d6b5fef69e2da.jpeg,,,,,
제제네멍치원,서울,accomo,5,,https://search.pstatic.net/common/?autoRotate=true&quality=95&type=w750&src=https%3A%2F%2Fmyplace-phinf.pstatic.net%2F20211216_151%2F16396642986612Kdh4_JPEG%2Fupload_840f8cb7278b462d7228682b50e44efc.jpeg,,,,,
젠틀독,전북,accomo,4.21,굿,https://search.pstatic.net/common/?autoRotate=true&quality=95&type=w750&src=https%3A%2F%2Fmyplace-phinf.pstatic.net%2F20210622_108%2F1624329167755vGDEF_JPEG%2Fupload_60798e4a1625ddea5436e515b11d6c63.jpg,,,,,
졸리쇼,울산,accomo,,,https://search.pstatic.net/common/?autoRotate=true&quality=95&type=w750&src=https%3A%2F%2Fmyplace-phinf.pstatic.net%2F20220421_28%2F1650524479154r1n9d_JPEG%2Fupload_3b7de7a1333ec6df1d0a5881d46e90c2.jpeg,,,,,
주견야독,부산,accomo,,좋아요,,,,,,
초돌이네펫시터,울산,accomo,,,,,,,,
카누네 애견호텔,전북,accomo,,,,,,,,
캐슬,울산,accomo,4.9,굿,https://search.pstatic.net/common/?autoRotate=true&quality=95&type=w750&src=https%3A%2F%2Fpup-review-phinf.pstatic.net%2FMjAyMjA3MjBfOTAg%2FMDAxNjU4MjkwMDQyMjE3.Ab4pmj1K_PLORNGKtwTypnX-MobjnUnp17_fni0geXQg.2845WgfAir6znUELnf9ZtUgpDEjKwEPzZKat83arQfQg.JPEG%2Fupload_fccb188349378b4f03632fae77f3e560.jpg,,,,,
캔디독,경기,accomo,4.52,"강아지와 첫방문했어요.
사장님께서 강아지들 성격 잘 파악하시고 잘 통솔하세요. 
강아지들도 안전하게 잘 놀고 잘 쉬네요. 
겁많은 강아지라 다른 강아지들 노는 거 구경만 하다 왔지만 익숙해질때까지 종종 들릴게요.",https://search.pstatic.net/common/?autoRotate=true&quality=95&type=w750&src=https%3A%2F%2Fpup-review-phinf.pstatic.net%2FMjAyMjA4MDZfMjM1%2FMDAxNjU5NzY3Mzk5OTgz.Jb8AclmIub_MrvbPorx_Fh50NGpMIj_njAR77wq3oKEg.wtNwmcNKg-T-4hZ4muE1w3OK13Tm8h_WV9F6EyLdKqQg.JPEG%2Fupload_5d54701bb4f2d162854442e144526e21.JPG,,,,,
캣동산,광주,accomo,,"여행을 자주가진않지만 갈때는 1시간 30분 거리 본가에 맡기는데 처음으로 고양이 호텔 이용했어요
고양이를 정말 사랑하시니 케어 잘 해주세요 그리고 카메라로도 수시로 확인 가능해서 좋아요
첫 방문이라 폴라로이드 사진이랑 컵도 주셨어요 
담에 또 이용할께요~! 
",https://search.pstatic.net/common/?autoRotate=true&quality=95&type=w750&src=https%3A%2F%2Fpup-review-phinf.pstatic.net%2FMjAyMjA4MTJfMjcy%2FMDAxNjYwMjg1OTQ3NTU4.ZybvgXR087AVhaDpxujnomxL27lqiNieQlICN1O4_UUg.62gkrLgpA-8YLZEVYpUdRv2I8PJVs2Hbtn8TbASruMgg.JPEG%2Fupload_6f71f15fe18dc50d61441d3461dda7b5.jpeg,,,,,
컴피,부산,accomo,4.24,좋아하는 커피나무입니다.,https://search.pstatic.net/common/?autoRotate=true&quality=95&type=w750&src=https%3A%2F%2Fmyplace-phinf.pstatic.net%2F20211007_59%2F1633595389680fas0k_JPEG%2Fupload_fedd97fdcf16d051079d3f41c012eb7b.jpg,,,,,
케어독하우스,충북,accomo,,"우리애기는 유치원은 첨이라 많이걱정했었는데 선생님들이 잘해주셔서 우리강쥐가적응을잘할거같아요~
시설도너무깔끔하고 좋아요♡",https://search.pstatic.net/common/?autoRotate=true&quality=95&type=w750&src=https%3A%2F%2Fmyplace-phinf.pstatic.net%2F20220405_110%2F1649089442287P1DFI_JPEG%2Fupload_d09337066db4bdf659f653bda06be6c5.jpg,,,,,
코기절미,제주,accomo,4.71,"2주간 집공사라~코기절미 호텔에 맡겼어요.
매일 아점저타임 사진찍어보내주시고, 안부 알려주셔 마음이 놓였습니다.
중간중간 찾아가 산책시키는데, 코기절미 앞 작은 동산과 공터가 있어 멀리가지 않아도 산책하기 좋아요.",https://search.pstatic.net/common/?autoRotate=true&quality=95&type=w750&src=https%3A%2F%2Fmyplace-phinf.pstatic.net%2F20211126_125%2F1637883716350IN5QO_JPEG%2Fupload_a791a9371e25c043e85e4f99ff0b3604.jpg,,,,,
콩이네하우스,강원,accomo,4.63,"14살 노견에 분리불안이 있어 강릉 당일치기로 갔는데 점심 먹으려고 3시간 맡겼어요~
후기가 좋아서 맘편히 식사했구
데리러 갔을때 마당서 아이들 데리고 놀아주시는 사장님 뵈니 다음에도 강릉에 가면 무조건 콩이네 맡겨야지 했어요^^
감사합니다!!!",https://search.pstatic.net/common/?autoRotate=true&quality=95&type=w750&src=https%3A%2F%2Fpup-review-phinf.pstatic.net%2FMjAyMjA2MDVfOCAg%2FMDAxNjU0NDIxNzc1MDMy.IJbSLeTdGfDX7C9D0beVdzrHBWU_9XLzBAUa0Qpx-kcg.WXTcM9INySc3qMeI9XcG_3QbQSbOgmC0ntbfGx0uvLQg.JPEG%2Fupload_9e232b61435a8fe8b0a2efdd37aa15c8.jpeg,,,,,
콩자반애견유치원,충남,accomo,,,https://search.pstatic.net/common/?autoRotate=true&quality=95&type=w750&src=https%3A%2F%2Fpup-review-phinf.pstatic.net%2FMjAyMjA4MTJfNDMg%2FMDAxNjYwMjg1ODQ2MTcw.L_fGIf0HyB5HwOvx9hf_8kkkncIK8wuei7D5wvbzhWcg.-gW5fJwwcPoQef1UHH4hUfniAcGlqq_pDAXeTFzbw-kg.JPEG%2Fupload_f6da135013e93e726caa8e0fb452c5d2.jpeg,,,,,
쿨쿨펫,경북,accomo,,좋아요,https://search.pstatic.net/common/?autoRotate=true&quality=95&type=w750&src=https%3A%2F%2Fmyplace-phinf.pstatic.net%2F20210802_176%2F1627888392464l8V2K_JPEG%2Fupload_c4e5268a44abfb9fcab5f466d10a5b45.jpg,,,,,
킹스독,충남,accomo,4.63,,https://search.pstatic.net/common/?autoRotate=true&quality=95&type=w750&src=https%3A%2F%2Fmyplace-phinf.pstatic.net%2F20211206_18%2F1638775973579Xv50W_JPEG%2Fupload_0461ade6ad6ae7330308e38914252e5e.jpeg,,,,,
킹콩하우스애견카페,경북,accomo,,,,,,,,
태담이네하우스,경북,accomo,,,,,,,,
털로덮인친구들 청라점,인천,accomo,,신경 정말 잘써주시구요~ 깨끗합니다 댕댕이천국이 따로없어여!!,https://search.pstatic.net/common/?autoRotate=true&quality=95&type=w750&src=https%3A%2F%2Fpup-review-phinf.pstatic.net%2FMjAyMjA4MTlfMTU1%2FMDAxNjYwODc3ODY2NjUw.lD39jKY3CIbBpu1UWKEjv9YMHFaWzIh5kVdlW3CucFMg.RXIwH35dbQfjX38CxMC0Lc3_5HmjbC2x75DycvKytWcg.JPEG%2Fupload_af3cc924890fa27fb8f591e73f4768b4.jpg,,,,,
테일즈애견호텔,대구,accomo,,,,,,,,
파브퍼피,경남,accomo,,,,,,,,
퍼플캣,서울,accomo,,"아이들이 정말 쫄보라서 걱정 많이 했는데 언제든 카메라로 상태 확인 할 수 있어서 정말 좋았어요
처음 데려갔을때부터 애들 상태. 어떤아이인지 꼼꼼하게 체크해주셔서 더욱 믿음이 갔어요 
감사합니다!!!",https://search.pstatic.net/common/?autoRotate=true&quality=95&type=w750&src=https%3A%2F%2Fnaverbooking-phinf.pstatic.net%2F20220618_174%2F1655547282961Je453_JPEG%2Fimage.jpg,,,,,
퍼피가든 애견 호텔 유치원,경남,accomo,,강아지들을 풀어 놓고 있고 24시간 상주하시는 분이 계셔서 맡기기로 결정했어요~ 애견카페호텔은 사람들 손을 타서 그런지 애가 많이 지쳐하고 냄새도 많이나서 제외했네요. 공항 가는 길에 편하게 맡기고 잘다녀왔어요. 케어도 잘해주시고 상황을 톡으로 보내주셔서 안심이 되었어요. 애견유치원과 같이해서 친구들도 엄청 많고 애기가 심심하진 않을듯여. 픽업하는날엔 목욕도 시켰는데 보들보들 맘에 듭니다. 애견호텔&목욕 추천합니다. 재방문의사 백퍼용~^^ ,https://search.pstatic.net/common/?autoRotate=true&quality=95&type=w750&src=https%3A%2F%2Fpup-review-phinf.pstatic.net%2FMjAyMjA4MDhfMjc1%2FMDAxNjU5OTQyMTY4MDIw.cMCFFypNj1hGGuLUf-9mkdYFHJY2_ox56w_-otW7Tj4g.pTi3LMovDrH9wZbSaZXLPnUjyiPKgf9VQSKh_o8HGv4g.JPEG%2Fupload_0b1d59f0b21956f2c52e3d547092552f.jpeg,,,,,
퍼피랜드유치원호텔,강원,accomo,,,,,,,,
퍼피스테이,충북,accomo,,생긴지 얼마안되서 리뷰가 많이 없는데ㅎ도움이 될까 싶어남겨요 :) 가을이와 함께할 수 없는 여행을 갈때엔 친정에 부탁했는데 이번엔 그게안되서 어디에 부탁해야하나 정말 고민 많이 했거든요 퍼피스테이 오픈한지 얼마안되서 리뷰가 없어 또 고민하고 ㅎㅎ 맡기기전에 한번 방문해보고 ~2박3일 부탁드렸는데 매일 사진과 동영상도 보내주시고 분리불안있어 걱정했는데 잘 돌봐주셔서 ㅠㅠ 정말 감사했습니다 :) 앞으로도 잘부탁드려요 ! 감사합니다 ,,,,,,
퍼피쿼터스 애견미용 유치원 호텔,광주,accomo,,,,,,,,
펍피,경기,accomo,4.57,좋아요,https://search.pstatic.net/common/?autoRotate=true&quality=95&type=w750&src=https%3A%2F%2Fmyplace-phinf.pstatic.net%2F20210421_213%2F1618966359764H3KSE_JPEG%2Fupload_f6456c047c922cb69104929825a0054e.jpg,,,,,
펫리움,경북,accomo,,"우리동네""~ 강아지.까페",,,,,,
펫살롱 애견호텔,대전,accomo,,,,,,,,
펫시터 라울레미 하우스,서울,accomo,,"몇년째 이용하는 곳이예요.
거리가 멀지만 우리 아이들이 여기서만 편하게 지낼수 있어서 멀어도 라울레미네만 이용한답니다.
항상 같은 마음으로 애들을 사랑해주시는게 느껴져요.
애들도 너무 좋아해서 여기만 오면 좋아서 뛰어 들어가네요.
항상 믿고 맡길수있는곳",,,,,,
펫워터파크,경남,accomo,,,,,,,,
펫즈,전북,accomo,,굿,https://search.pstatic.net/common/?autoRotate=true&quality=95&type=w750&src=https%3A%2F%2Fpup-review-phinf.pstatic.net%2FMjAyMjA3MjlfMTAz%2FMDAxNjU5MDYwNjI2MzM4.jVsscAiKuzBzt2shZgumICle-alO2rjk3ooUlcaRYYYg.FxTeZeBAyiaPaJpD0HB_5Z_fJKMgehREfFBU86Wjn2Ug.JPEG%2Fupload_55d7f10afa7ce155168db0c717552ec2.jpg,,,,,
펫챔,광주,accomo,,^.^,https://search.pstatic.net/common/?autoRotate=true&quality=95&type=w750&src=https%3A%2F%2Fmyplace-phinf.pstatic.net%2F20200725_293%2F1595603843831JFfaX_JPEG%2Fupload_62518ac5ce191f8dbf65eee19c660d74.jpeg,,,,,
펫츠가든,경북,accomo,,너무 좋아요~,https://search.pstatic.net/common/?autoRotate=true&quality=95&type=w750&src=https%3A%2F%2Fmyplace-phinf.pstatic.net%2F20220313_74%2F16471652918055o6aA_JPEG%2Fupload_8783c589fa91b00b72c8aa5b22693f5b.jpeg,,,,,
펫타워,경남,accomo,,잘돌봐주셔서 항상 감사드립니다,,,,,,
펫토피아,인천,accomo,4.47,좋아요,,,,,,
펫토피아,부산,accomo,4.34,사장님 친절허세요,,,,,,
펫패밀리,인천,accomo,4.81,,https://search.pstatic.net/common/?autoRotate=true&quality=95&type=w750&src=https%3A%2F%2Fpup-review-phinf.pstatic.net%2FMjAyMjA3MTBfMjg4%2FMDAxNjU3NDUyNDk5NTY1.jz5dV1BuBnbsMaVeRpYxp1l-yCvYOOS3L4bIiiN6fkYg.4Ht_sj7uwKImKsfUoT262bxltXIChOgkMLiQKF77w_Qg.JPEG%2Fupload_eacc6494f83509feae4ae01f1ab7b5a0.jpg,,,,,
펫호텔조선,부산,accomo,,새로오신 선생님께 첨엔 짖어서 좀 걱정했는데 역쒸 제가 없으면 더 잘 지내는 듯 ㅜㅜ 새로오신 선생님께서도 케어 너무 잘 해주셔서 감사합니다. 아이들을 사랑하시는게 보여요. ^^*,https://search.pstatic.net/common/?autoRotate=true&quality=95&type=w750&src=https%3A%2F%2Fpup-review-phinf.pstatic.net%2FMjAyMjA4MTJfMTc4%2FMDAxNjYwMjc0NTA0MzQ4.-Llim3_Po2YOV9872tK3ekhYiZLSn_xAq_1E3Unhb-og.pxqKXCIX7pAWleqTY5MpAPXH9Yfzk383kzDXhX5zN_Ug.JPEG%2Fupload_0dc439de69e277cfa1db9850a57130a1.jpg,,,,,
편하개놀다가냥,세종,accomo,,굿,https://search.pstatic.net/common/?autoRotate=true&quality=95&type=w750&src=https%3A%2F%2Fmyplace-phinf.pstatic.net%2F20220305_165%2F1646481993594zIqOh_JPEG%2Fupload_5940e0a2fdfd1616a3686553d3c20d3b.jpeg,,,,,
포레스트캣호텔,충남,accomo,,,https://search.pstatic.net/common/?autoRotate=true&quality=95&type=w750&src=https%3A%2F%2Fnaverbooking-phinf.pstatic.net%2F20220815_59%2F16605298629144mXCC_JPEG%2Fimage.jpg,,,,,
포스캠프 (Paws Camp),인천,accomo,,,,,,,,
포핑요,제주,accomo,,,,,,,,
피카부,전남,accomo,,굿,,,,,,
피터펫 대구혁신도시점,대구,accomo,,,,,,,,
피터펫,대전,accomo,,여름휴가로 놀러가는데 강아지를 데리고 못가서 신경이 쓰였는데 인터넷에 찾다보니 탄방동에 피터펫이 나와서 전화로 자리있는지 확인하고 다른곳에 비해 넓고 요청사항이 많은데 사장님께서 친철하셔서 선택을 하게 되었습 니다 저는 개인적으로 여기 추천해요!,https://postfiles.pstatic.net/MjAyMjA4MTRfMTI4/MDAxNjYwNDc0MDQ5MzA3.FfA4FbmHa1Gg2N1Z4muK2q8iDUkpmlXszxTq2ud9Ijgg.7ac786oqbkRohhyPpZTJ6a9J1RFYIhjIWnvj0h7WmIIg.JPEG.leeyeoreum1417/E0F1D67C-51F6-4CEF-B421-A9D3A8B9E180.jpeg?type=w966,,,,,
하늘이네,경북,accomo,,,,,,,,
하이댕,충남,accomo,,,,,,,,
하이바이쉼터 대구점,대구,accomo,,분위기좋네영ㅎㅎ,,,,,,
학교종이댕댕댕,충남,accomo,,,,,,,,
핫독,충북,accomo,,휴계소 다 그렇지요 그럭저럭,,,,,,
해피데이즈 강아지유치원,인천,accomo,,"저희 멍멍이가 너무 좋아해요~ 픽업서비스도 있어서 편리하고, 운영진 분들도 선하셔서 믿음직스럽습니다. 실외도 있어서 야외활동도 할 수 있고, 수영장도 설치하시는 등 열심히 신경써주시는게 보여 앞으로 잘 보내볼 예정입니다!",https://search.pstatic.net/common/?autoRotate=true&quality=95&type=w750&src=https%3A%2F%2Fpup-review-phinf.pstatic.net%2FMjAyMjA3MjNfNjAg%2FMDAxNjU4NTg1NDcwMzk0.4X3NjfwmzG5PKqb3NDJIdyls59lTsg4EA8XdQr63o30g.RpFlkjvtFkWV8R9aUjrnWAqV-PxfcHAacjtZYctjCtQg.JPEG%2Fupload_4d078984af6025cc57105f7c4c76bf59.jpg,,,,,
해피애견,제주,accomo,,"밝게 미소짓는 사장님 보면 애들 이뻐해주시는게 느껴져서 믿고 맡겨요.
직원분도 너무 친절하시고 
이모네 집에 애들 잠시 맡기는거 같이 안심이 되요. 매번 감사합니다.",,,,,,
해피애견호텔,경남,accomo,,,,,,,,
핸즈독스쿨,경남,accomo,,,,,,,,
행복하개,광주,accomo,4.47,"여기로만 늘 다녀요, 일단 사장님이 강아지를 너무 예뻐하시고 깨끗하고 예쁘게 미용도 잘해주셔서 제일 좋아요 ",https://search.pstatic.net/common/?autoRotate=true&quality=95&type=w750&src=https%3A%2F%2Fnaverbooking-phinf.pstatic.net%2F20211002_91%2F16331364622210HCAY_JPEG%2Fimage.jpg,,,,,
헤어볼하우스,충북,accomo,,,,,,,,
형씨호텔,강원,accomo,,,,,,,,
호텔멍,충북,accomo,4.77,,https://search.pstatic.net/common/?autoRotate=true&quality=95&type=w750&src=https%3A%2F%2Fnaverbooking-phinf.pstatic.net%2F20220812_258%2F1660292155975PGsye_JPEG%2Fimage.jpg,,,,,
후추하우스,대전,accomo,,굿,,,,,,
휴독,울산,accomo,,친철해요,,,,,,
