노을공원,서울,place,4.43,"""강아지동반 산책 가능합니다 골프장을 산책하는기분입니다 하지만 진드기많아요""",https://search.pstatic.net/common/?autoRotate=true&quality=95&type=w750&src=https%3A%2F%2Fmyplace-phinf.pstatic.net%2F20210603_9%2F1622690415970w6MGk_JPEG%2Fupload_0567e663d45e60fc729e2f471f6b9ed0.jpeg
5.18기념공원,광주,place,4.28,"""강아지를 사랑하는분들이라면 정말 좋은 장소라고 생각합니다""",https://search.pstatic.net/common/?autoRotate=true&quality=95&type=w750&src=https%3A%2F%2Fmyplace-phinf.pstatic.net%2F20210324_209%2F1616577715831n3e1D_JPEG%2Fupload_9eab2998edea101da00c541293824ba5.jpg
5.18자유공원,광주,place,,"""자녀와 동반 권유 합니다. 주변에 먹자골목도 있어서 좋습니다.""",
APEC나루공원,부산,place,4.32,"""강아지랑 산책하기 좋음""",
가실성당,경북,place,,"""구 사제관앞쪽에 큰강아지 2마리 있는데 가끔 짖습니다.""",
가창체육공원,대구,place,,"""강아지 산책시키러 주5회는 가는듯.. 좋아요""",
간절곶,울산,place,4.21,"""강아지와 함께 간절곶 방문!!""",https://search.pstatic.net/common/?autoRotate=true&quality=95&type=w750&src=https%3A%2F%2Fmyplace-phinf.pstatic.net%2F20201120_17%2F16058483655698NszC_JPEG%2Fupload_af1c828e73e14bd00107259391ce368e.jpg
감악산 출렁다리,경기,place,4.23,"""신남~ 강아지하고 등산하기 좋은곳이네요~ 추천하고싶은곳입니다.""",https://search.pstatic.net/common/?autoRotate=true&quality=95&type=w750&src=https%3A%2F%2Fpup-review-phinf.pstatic.net%2FMjAyMjA3MTZfMjk3%2FMDAxNjU3OTUwMzIzNDI2.YA1BgI55O-iGNsrY80Q3ySGWB5Mq_tqsN6TninjkLEcg.rhxtZdVtAu_XfTTzQsCeeQSDRatXUlPLOkmxCJ8CFK4g.JPEG%2Fupload_cce065237842510c31f03ce391a7b5f6.jpeg
감전야생화단지,부산,place,,"""넓고 볼거리도 많고 나들이 오기좋고 강아지랑산책하기 좋아요""",
강릉쌍둥이동물농장,강원,place,4.62,"""아이들 강아지와 병아리랑 놀기는 아주좋아요.""",https://search.pstatic.net/common/?autoRotate=true&quality=95&type=w750&src=https%3A%2F%2Fnaverbooking-phinf.pstatic.net%2F20220730_182%2F1659188340314GBgas_JPEG%2Fimage.jpg
강아지숲,강원,place,4.29,"""강아지가 재밌게 잘 놀았어요!!!:)""",https://search.pstatic.net/common/?autoRotate=true&quality=95&type=w750&src=https%3A%2F%2Fpup-review-phinf.pstatic.net%2FMjAyMjA2MDVfMjEx%2FMDAxNjU0NDQwODc3NTIx.iH4yLJqhQS845wcQQWXsZfRf-ntmaMiBnntPwoXkn0kg.Ae7ofgB18QJhDfIy35mcEW-95m5BuFtgT7YTIzzzjDMg.JPEG%2Fupload_604903403cc1345fdb8c24aed26b206a.jpg
강촌레일파크 경강레일바이크,강원,place,4.26,"""직원분 친절하시고.. 레일바이크 애견동반이 있어 좋았습니다""",https://search.pstatic.net/common/?autoRotate=true&quality=95&type=w750&src=https%3A%2F%2Fpup-review-phinf.pstatic.net%2FMjAyMjA1MDJfMjUg%2FMDAxNjUxNDY0Njg3Mzcx.hrW-zAg6XUwX2RoNfSTJ2QvOxFfnfcAOEpgywHvaS4gg.D9lr5tsKciVnREL-50WMlAi3gnE3i9I4TjQxUc4rMrcg.JPEG%2Fupload_7812e51171eccd085a2ee0804a53e964.jpeg
개화예술공원,충남,place,4.27,"""강아지가 너무 귀엽더라고요""",https://search.pstatic.net/common/?autoRotate=true&quality=95&type=w750&src=https%3A%2F%2Fpup-review-phinf.pstatic.net%2FMjAyMjA4MTRfNyAg%2FMDAxNjYwNDcwMDQwMTkz.62VTmwvFInx62X1FovEEnhKUoctAoC21B_ZosG9MAS0g.-w8iGPcgrCmpyNWoPld4nBmccbecy2ID796T3Z-BnQMg.JPEG%2Fupload_567b49c9fb776408d654e5ef12a81d2d.jpeg
갯골생태공원,경기,place,4.3,"""강아지랑 산책하기 좋았어요""",https://search.pstatic.net/common/?autoRotate=true&quality=95&type=w750&src=https%3A%2F%2Fpup-review-phinf.pstatic.net%2FMjAyMjA3MjNfOTIg%2FMDAxNjU4NTcyNjEyNDM1.nuu2YVMEXmZyNoFKS8ap-55f0i4rG8HIA9L3egNN-jYg.xiu1dPfHLaT-YWoq3Qr318XNx2W-GvcteTuAURqY0jkg.JPEG%2Fupload_dcc556586043e6c7faaf76df46ac28d5.jpeg
거북공원,경남,place,4.67,"""강아지 산책하기 좋아요""",
경의선숲길,서울,place,,"""강아지가 뛰어놀기 좋은곳같아요.비만 안왔으면 더 좋았을거같아요""",
경의선책거리,서울,place,,"""한적하고 강아지 많고.""",
경주월드,경북,place,4.57,"""김해에서 출발하면서 강아지를.""",https://search.pstatic.net/common/?autoRotate=true&quality=95&type=w750&src=https%3A%2F%2Fnaverbooking-phinf.pstatic.net%2F20220813_84%2F1660379711301xyTK6_JPEG%2Fimage.jpg
경천대국민관광지,경북,place,4.3,"""강아지 산책하기 좋은곳 이네요.""",
고강선사유적공원,경기,place,3.82,"""아이들이랑 강아지랑 산책하기 좋아요""",
고창고인돌박물관,전북,place,4.41,"""산책하기 좋아요 강아지들이 넘 많아서 약간 불편함""",https://search.pstatic.net/common/?autoRotate=true&quality=95&type=w750&src=https%3A%2F%2Fpup-review-phinf.pstatic.net%2FMjAyMjA2MjlfMjk4%2FMDAxNjU2NTExNzMzNjky.GQ5I45Lgx2G0fRTxmy_6zSACgjgxUl2if7PhwjKhVfMg.e-noPO8tgiKZkmBsI23fUEM3eu20GxfI6ctAY6ZWAk8g.JPEG%2Fupload_d3ee692e2d54cdd50e03d23cddf58844.jpg
곡교천시민체육공원,충남,place,,"""울 강아지랑 산책 자주 가는곳이예요""",
곤지암도자공원,광주,place,,"""강아지와 산책이 가능하고 아기자기해서 재밌어요""",
공원해파랑,경북,place,3.9,"""정말 넓고 깨끗했어요 바다뷰도 속시원했구요 강아지랑 산책하기도 좋았어요""",
공지천유원지,강원,place,4.1,"""강아지와자전거도로와휴식 공간이좋왔습니다.와이파이고간이많았으면좋겠습니다""",
관룡사,경남,place,,"""공기도 좋고 수님도 친절하시고 강아지""도솔""도 얌전하고 ㅎ""",
관아공원,충북,place,4.85,"""저녁때 강아지와 산책하기 좋아요.""",
광교호수공원,경기,place,4.28,"""강아지 산책하기 좋아요 자연이 잘가꾸어져있어요""",
광동청정습지,광주,place,,"""우리 강아지가 제일 좋아하는 산책길~~""",
광안해변공원,부산,place,,"""강아지랑 산책하기 좋아요""",https://search.pstatic.net/common/?autoRotate=true&quality=95&type=w750&src=https%3A%2F%2Fpup-review-phinf.pstatic.net%2FMjAyMjA2MTJfMjEy%2FMDAxNjU1MDE4Njc0MDMw.FjN14xzJNeaPg76qKVTCMkMUScpNx2E5AyAUmFFSzwgg.yS7HBD4T5eRZYPBRgOphioqtDWswAeMVTMvcLuSaezEg.JPEG%2Fupload_11ee091855c7851a110d47f202ae262d.jpeg
광주사직공원전망타워,광주,place,,"""밤공기 마시러 가보세요 강아지산책에 최고입니다""",
구갈레스피아,경기,place,4.05,"""강아지랑 산책오기 좋은 곳""",
구곡폭포,강원,place,4.39,"""시원해요 강아지도 함께 들어갈 수 있어서 더 좋아요""",https://search.pstatic.net/common/?autoRotate=true&quality=95&type=w750&src=https%3A%2F%2Fpup-review-phinf.pstatic.net%2FMjAyMjA4MTVfMTc5%2FMDAxNjYwNTYwNjA0ODIz.eFOj0dBZUN7dAiLV_pE7ixnMUR2swTWuIStH4Tuy58kg.CXIp3vdzUXVw2YuANen0kbnr3-jnlrkG12dUzkoOsN8g.JPEG%2Fupload_ccfbca4958d1f2a2917ad5e7895eeca4.jpeg
구송정 유원지,전북,place,,"""강아지와 놀면서 쉴공간 찾았었는데 주변 경관이 좋네요""",
구암근린공원,서울,place,,"""강아지 산책길도 좋다.""",
구포무장애숲길(무장애탐방구간),부산,place,,"""친구들과 우리 강아지와 무장애숲길~ 운수사~ 무장애숲주차장 이렇게 거닐었다",
그랜드유원지,경기,place,,"""강아지 동반해서 아이들과 갔어요~ 비가 많이 오지 않아 다행이었네요",
금강신관공원,충남,place,4.29,"""강아지랑 산책하기좋고 공기도 좋아요""",
금오름,제주,place,,"""어린 아이들, 강아지들과 함께 올라가시는 분들 많았어요.""",
금은모래강변공원,경기,place,,"""인적이드물어서 강아지 산책시키기 좋아요""",
김유정 문학촌,강원,place,4.44,"""강아지랑 주변 산책하기좋아요""",https://search.pstatic.net/common/?autoRotate=true&quality=95&type=w750&src=https%3A%2F%2Fpup-review-phinf.pstatic.net%2FMjAyMjA4MDNfMjQx%2FMDAxNjU5NTMyMjI3ODMx.AG5x5GD17039n3pIzhJ_IMun1tzQi_i5H1Yuxqe9ZGQg.7rgY_3-cs8w5DggNT-Jl2cUt9l1omvjdrXJUZmwW0vMg.JPEG%2Fupload_1b5216f97864e4bcf94f94e65f26e999.jpg
김해연지공원,경남,place,4.18,"""강아지가 산책 하기 좋은곳""",
낙동강체육공원,경북,place,4.18,"""강아지랑 산책 하기 최고!""",
낙산공원,서울,place,4.25,"""강아지델구 산책하기 좋아요""",
낙안읍성민속마을,전남,place,4.39,"""강아지랑 같이 산책하면서 구경도 할수있어서 좋았어요""",https://search.pstatic.net/common/?autoRotate=true&quality=95&type=w750&src=https%3A%2F%2Fpup-review-phinf.pstatic.net%2FMjAyMjA3MDlfMjg0%2FMDAxNjU3Mzc4NjM2MTY0.zugCoYXLMNw1FvqqHxiSoiIgVySHvFdIbLQ_ZtfJVOwg.X_Hj7oOKEt9jhpwS-xAOU5q8Zr8upgzR4nqNbcN0aiQg.JPEG%2Fupload_5e738ba2f68a07ecb8d2bc3fdad66bb7.jpg
남산공원백범광장,서울,place,,"""강아지출입가능해서 좋고 조경 예쁘고 깨끗함""",
남양주한강공원 삼패지구,경기,place,4.52,"""강아지 산책하기 너무 좋아요""",
남이섬,강원,place,4.53,"""애견동반 해서 힐링하기 딱 좋았어요~""",https://search.pstatic.net/common/?autoRotate=true&quality=95&type=w750&src=https%3A%2F%2Fpup-review-phinf.pstatic.net%2FMjAyMjA4MDlfOTcg%2FMDAxNjYwMDUxMjkxNTkw.tbDE1uqNS_QE3Xtt72IQJbDQUd2OyS3_3f5UgjW1bkog.P_mCeCoW5g2o8HbvmQcTztThf8C47_MDlgIosKmPYqgg.JPEG%2Fupload_33f014e62e05de5c2d162e599c99953b.jpeg
남제골벽화마을,전남,place,,"""강아지와 산책하기좋아요""",
남한산성도립공원북문,광주,place,,"""강아지 데리고 산책하기 좋아용""",https://search.pstatic.net/common/?autoRotate=true&quality=95&type=w750&src=https%3A%2F%2Fpup-review-phinf.pstatic.net%2FMjAyMjA1MDlfOTAg%2FMDAxNjUyMDQ1MjE2MzE2.Gqx_3q7SFh4Shn4Vo3F5ou4k0avC6tpHlaEXvdOq6ugg.IcgMceCCTe9v0EZ_4XZP1mybBA3Wvj-2j1Bx0t04kt4g.JPEG%2Fupload_db07401287595778343ae80281e9adf6.jpeg
남해 상상양떼목장 편백숲,경남,place,4.37,"""일단 강아지동반이라 애견인들한테 강추입니다.""",https://search.pstatic.net/common/?autoRotate=true&quality=95&type=w750&src=https%3A%2F%2Fpup-review-phinf.pstatic.net%2FMjAyMjA4MTRfODEg%2FMDAxNjYwNDg0MzEwODI1.JERq3qQIfimCTOwNFgF-tP7gZ3Va_0A9_zxNnexmyJog.L0pf81g-9ZAG102jUREIY3iWXGcL4AUNi54PwZYjKt8g.JPEG%2Fupload_ebd3e3add59189def9c00498f7f06c19.jpeg
남해양떼목장 양모리학교,경남,place,4.74,"""무엇보다 강아지 겨울이가 너무너무 귀여움""",https://search.pstatic.net/common/?autoRotate=true&quality=95&type=w750&src=https%3A%2F%2Fnaverbooking-phinf.pstatic.net%2F20220818_79%2F1660830426125V2YYu_JPEG%2Fimage.jpg
노라쥬,충남,place,4.58,"""... 채험 강아지 채험 각종 많아서 너무좋아요.!""",https://search.pstatic.net/common/?autoRotate=true&quality=95&type=w750&src=https%3A%2F%2Fpup-review-phinf.pstatic.net%2FMjAyMjA1MjNfMTcy%2FMDAxNjUzMjc2NzY2Mjc1.zIYm4PeyTCQoS55R8phsaB7vYJv1Lr43xxLV18jsh_Mg.kZryobkgGbQDV8ZfukGYezZg956q53i_w-5l_BWZzoAg.JPEG%2Fupload_313c22c2c70647f60ba56a5c648cfe3e.jpg
노리매,제주,place,4.35,"""강아지랑 산책하기 너무 좋은 곳!!""",https://search.pstatic.net/common/?autoRotate=true&quality=95&type=w750&src=https%3A%2F%2Fnaverbooking-phinf.pstatic.net%2F20220608_297%2F1654658849635oQ4wl_JPEG%2Fimage.jpg
노적봉인공폭포공원,경기,place,4.13,"""강아지랑 산책하기 좋아요""",
능골공원,경기,place,,"""강아지 산책하기에도 좋고 아이와는 물론 어르신들 운동기구도 있어요""",
다대포 꿈의 낙조분수,부산,place,,"""강아지 산책시키러 자주 가는데 좋음""",https://search.pstatic.net/common/?autoRotate=true&quality=95&type=w750&src=https%3A%2F%2Fnaverbooking-phinf.pstatic.net%2F20220727_195%2F16589278969332mD8h_JPEG%2Fimage.jpg
다대포해변공원,부산,place,4.29,"""한적하고 강아지 데리고 산책하기 너무 좋았어요""",
다랭이마을,경남,place,4.33,"""강아지랑 산책하기좋아요""",
다산생태공원,경기,place,4.32,"""강아지랑 산책하려고 자주가는데 코스도 길고 풍경도 좋아요.""",https://search.pstatic.net/common/?autoRotate=true&quality=95&type=w750&src=https%3A%2F%2Fpup-review-phinf.pstatic.net%2FMjAyMjA2MjRfMTE4%2FMDAxNjU2MDU0ODYyNjI3.849tu1ynF--KQuPLaEyTCwgyniJu9mRQw4TrdNuFSHMg.nm1rSxyRGQXS7E7D38nje9X1_PgzfhW7Rcdr6d4dgW4g.JPEG%2Fupload_2b470c5f071ca1fcb6f591a561f1ac63.jpeg
달맞이동산,부산,place,,"""... 하기도 좋아요 달맞이 산책길로 강아지 산책했어요""",
달맞이동산,부산,place,,"""강아지들 산책도 강추예요^^""",
담양관방제림,전남,place,4.29,"""매일 강아지와 산책을 갑니다. 잔디가 관리가 잘 되어 있어요""",https://search.pstatic.net/common/?autoRotate=true&quality=95&type=w750&src=https%3A%2F%2Fmyplace-phinf.pstatic.net%2F20200502_168%2F1588401670751Hva8W_JPEG%2Fupload_428e4cf4b1a5037fc30425e7edfce80d.jpg
담양후산리명옥헌원림,전남,place,,"""마을어귀에주차하고 5분정도걸으면 강아지가 맞아준다 조용히 산책 ...""",
당정근린공원,경기,place,,"""강아지 산책 하기 좋은곳""",
대관령 하늘목장,강원,place,4.44,"""넓고 강아지 데리고 놀기 좋은데 너무 넓어서 결국 다 못돌아봤오요""",https://search.pstatic.net/common/?autoRotate=true&quality=95&type=w750&src=https%3A%2F%2Fpup-review-phinf.pstatic.net%2FMjAyMjA3MjBfNzAg%2FMDAxNjU4Mjk1NjkzNTQ0.k_nnul-9x-3u5PBPsb-SCmBkUKV4-qbW4FmeihNM8qgg.NWBLXneb2CFiPfFBqF3qQgjHDXBTdOH6hOFRBbzFkEgg.JPEG%2Fupload_5872e47bec26f0d824b80348d5993554.jpeg
대관령주주파크,강원,place,4.38,"""먹이주는 체험도하고 같이놀고 귀요운 ㅌ7끼랑 강아지가 있어서""",https://search.pstatic.net/common/?autoRotate=true&quality=95&type=w750&src=https%3A%2F%2Fnaverbooking-phinf.pstatic.net%2F20220820_40%2F16609583104219Js2w_JPEG%2Fimage.jpg
대부바다향기테마파크,경기,place,4.25,"""볼건없고 강아지 산책 하기만 좋아요""",https://search.pstatic.net/common/?autoRotate=true&quality=95&type=w750&src=https%3A%2F%2Fmyplace-phinf.pstatic.net%2F20201012_113%2F16025097963038gFBh_JPEG%2Fupload_f0c188c710b184b3b79f1a58f31e434d.jpg
대원공원,경기,place,,"""생각없이 갔는데 조용하고 강아지들도 많습니다""",
대저생태공원,부산,place,4.42,"""강아지.데리고 산책하기 좋아요""",
대청호반자연생태공원,대전,place,,"""강아지산책하기 좋은곳.""",
덕진체련공원,전북,place,,"""강아지 산책하기 좋습니다.""",
덕평공룡수목원,경기,place,4.41,"""강아지가 당근을 먹네요""",https://search.pstatic.net/common/?autoRotate=true&quality=95&type=w750&src=https%3A%2F%2Fnaverbooking-phinf.pstatic.net%2F20220730_232%2F1659182253331K01jN_JPEG%2Fimage.jpg
도당근린공원,경기,place,4.53,"""... 모습이 가장많이보인다 거기에 강아지 산책도~~~~~^ 사계절전천후 ...""",
도림사,전남,place,4.34,"""그리고 절에 있는 강아지들이 사람이 반가워 난리다.""",https://search.pstatic.net/common/?autoRotate=true&quality=95&type=w750&src=https%3A%2F%2Fmyplace-phinf.pstatic.net%2F20210815_265%2F1629004675621DEdTB_JPEG%2Fupload_44823af5cc2ac0f6e794979df9d186ca.jpeg
동구리호수공원,전남,place,,"""강아지와 산책하기 좋아요""",https://search.pstatic.net/common/?autoRotate=true&quality=95&type=w750&src=https%3A%2F%2Fpup-review-phinf.pstatic.net%2FMjAyMjA3MDhfNzEg%2FMDAxNjU3MjYxODU4Mjg4.w02wSn2dZTNJupxe915Wi1xmwptA_1hmU_9AKxX-Izcg.vx7_33TOQIksoCB2l05UysoMQtV_FWyN0sSrf9uRdGwg.JPEG%2Fupload_d13aa95c21fad357ff1ef2778286d044.jpg
동락공원,경북,place,4.35,"""강아지와 산책하기 좋은장소""",
동래읍성지,부산,place,,"""강아지들이 뛰놀수있는 곳 너무 좋아요""",
동촌유원지,대구,place,4.02,"""강아지랑 산책하기 좋아요.""",https://search.pstatic.net/common/?autoRotate=true&quality=95&type=w750&src=https%3A%2F%2Fpup-review-phinf.pstatic.net%2FMjAyMjA1MjlfMjM3%2FMDAxNjUzODE5NzI3ODk4.SuQzfa2hlthjlYnhCE-KZxgfDVJ3AmuMnoXtyr52sPAg.rYaEjGb7klltDFcRgwVzJVCWkMJCdCcoBs4iKvdDDeEg.JPEG%2Fupload_52edf3f9583bc91927cbed75f8c60467.jpeg
동춘당공원,대전,place,4,"""강아지들이 산책을 많이해요.""",
동탄센트럴파크,경기,place,4.54,"""강아지 데리고 산책하기 넓고 좋아요""",https://search.pstatic.net/common/?autoRotate=true&quality=95&type=w750&src=https%3A%2F%2Fpup-review-phinf.pstatic.net%2FMjAyMjA2MTBfMTI4%2FMDAxNjU0ODI0NDcyNDg3.axKPiZcF73wGKm71OltAkX0ByJRtqPKY0dcv6Mfezkog.wkq-P2sUhTsEIDV3meT2b7gpcUtfoxmBrPtyoRa5Fdsg.JPEG%2Fupload_f6e2c883eb53065772d992c6c5601b22.jpeg
드림파크 야생화단지,인천,place,4.31,"""강아지 데리고 산책하기 좋아요""",https://search.pstatic.net/common/?autoRotate=true&quality=95&type=w750&src=https%3A%2F%2Fmyplace-phinf.pstatic.net%2F20201017_53%2F1602919598053RbPyE_JPEG%2Fupload_8c8c03d3a0d1c21c2720f74c6f60c7a2.jpg
들의공원,대전,place,,"""강아지들이랑 놀러오는곳이에요""",
마들근린공원,서울,place,,"""강아지운동장이 있어서 좋음""",
마장호수 출렁다리,경기,place,4.36,"""강아지와 산책하기 좋아요""",https://search.pstatic.net/common/?autoRotate=true&quality=95&type=w750&src=https%3A%2F%2Fpup-review-phinf.pstatic.net%2FMjAyMjA3MzFfMTkg%2FMDAxNjU5MjUxOTYwMTcz.GgbRuUX1PT8oE1LjDxIYaakQzESFUUm6BsuMmQZd0S0g.dGjEUA4Cl8stDJiAks5ywAKdbrM8t-kuaYhs0j-dIHEg.JPEG%2Fupload_cdd71c1fd824cdf23662a3a5a13911c0.jpeg
만석공원,경기,place,4.24,"""강아지들과 산책하기 좋네요""",https://search.pstatic.net/common/?autoRotate=true&quality=95&type=w750&src=https%3A%2F%2Fmyplace-phinf.pstatic.net%2F20220327_56%2F1648351059796d0kPK_JPEG%2Fupload_81ea402e69ba2f00961865488c94d19c.jpg
만연폭포,전남,place,,"""폭포 아래 돼지 같은 강아지도 있어요!!""",
멍비치,강원,place,,"""여름에 강아지와 함께 즐거운 시간을 보내기 좋아요!""",https://search.pstatic.net/common/?autoRotate=true&quality=95&type=w750&src=https%3A%2F%2Fnaverbooking-phinf.pstatic.net%2F20220819_298%2F1660920485107nV5b8_JPEG%2Fimage.jpg
메타세쿼이아 가로수길,전남,place,4.41,"""... 친구들과 함께 방문하거나 아이들과 동반하기에도 적합하다""",https://search.pstatic.net/common/?autoRotate=true&quality=95&type=w750&src=https%3A%2F%2Fpup-review-phinf.pstatic.net%2FMjAyMjA2MTJfNjEg%2FMDAxNjU1MDEyODk5Nzg1.fMibO2_9raWLtpOjAuRjVCJLjKueqXTYahjUohxqgq4g.Vp28mGR3cRW4N20Zn4dAgAaL52IBQeDmYE6jH3HioWIg.JPEG%2Fupload_96142e1458c594a3eb82268b48a0b523.jpg
메타세쿼이아 가로수길,전남,place,4.41,"""강아지 데리고 산책할 수 있어서 좋았어요!""",https://search.pstatic.net/common/?autoRotate=true&quality=95&type=w750&src=https%3A%2F%2Fpup-review-phinf.pstatic.net%2FMjAyMjA2MTJfNjEg%2FMDAxNjU1MDEyODk5Nzg1.fMibO2_9raWLtpOjAuRjVCJLjKueqXTYahjUohxqgq4g.Vp28mGR3cRW4N20Zn4dAgAaL52IBQeDmYE6jH3HioWIg.JPEG%2Fupload_96142e1458c594a3eb82268b48a0b523.jpg
메타프로방스,전남,place,4.38,"""이런저런 가게들이 많아요 배떡에 가보세요 강아지 배떡이가 너무 귀여워요""",https://search.pstatic.net/common/?autoRotate=true&quality=95&type=w750&src=https%3A%2F%2Fpup-review-phinf.pstatic.net%2FMjAyMjA4MDVfMjY0%2FMDAxNjU5NjY5NzU0MTE3.iB1v2nPrGnephsPrG26CfglX8gqCXfSgI6VBO8GLYpUg.NccYfHPglJ91lAXZV8VVQYKXF_Oj3ZXnr8RDv1O5n0gg.JPEG%2Fupload_8d560e30ecbf78ed109611ccbe694e0d.jpg
몽마르뜨공원,서울,place,4.09,"""강아지와 산책하기 이보다 좋은곳 있을까 싶네요""",
몽촌역사관,서울,place,,"""강아지 데리고 오시는 분들 내보내시는 경비원분 생각좀 해주셨으면""",
무궁화공원,강원,place,,"""호젓하게 강아지 산책 시키기가 너무 좋은공간입니다.""",
문암생태공원,충북,place,4.4,"""아이동반 산책하기 좋고 애견동반도(현재 애견장 폐쇄) 가능해요.""",
문화공원,경기,place,4.32,"""강아지 산책하기 딱 좋아요""",https://search.pstatic.net/common/?autoRotate=true&quality=95&type=w750&src=https%3A%2F%2Fpup-review-phinf.pstatic.net%2FMjAyMjA4MDJfMTc1%2FMDAxNjU5NDI0MDIxMjU5.hA1Ij3FsFUPNhPHtTEOrEA3uFd6oFIsjHyWctL2vz-Ig.z45jj4qGtp9uqowTEJ_kyj5ftwIoLMG6pqU0VAG90FUg.JPEG%2Fupload_34c843a357d1240c32d5fa51c59243a0.jpg
물건리방조어부림,경남,place,4.18,"""강아지랑 가볍게 산책하기 좋아요^^""",
미사경정공원,경기,place,4.44,"""깔끔하고 강아지와 산책이 가능해서 너무 좋았어요~""",https://search.pstatic.net/common/?autoRotate=true&quality=95&type=f180_180&src=https%3A%2F%2Fpup-review-phinf.pstatic.net%2FMjAyMjA4MTVfMTUz%2FMDAxNjYwNTY2NzA0MjE2.19WjVy3eUIY_j9HE8r6nNYzN2YzNX8RF-TJdOxt3VP4g.adwkRUL599A6rRXLys6I1v3Id9hs2A_odAD66NPhPjwg.JPEG%2Fupload_a60a4ad2ce806e28aac99ce2bb7f8686.jpg
민락수변공원,부산,place,4.38,"""집앞쪽에 있어 강아지랑 산책도 해요""",
밀양치즈스토리,경남,place,,"""치즈도만들고 귀여운강아지 치즈,피자도귀엽 ...""",
바람새마을,경기,place,4.23,"""여기저기 촬영스팟도 되어있고 강아지들이랑 사진찍고 놀기 좋아요""",https://search.pstatic.net/common/?autoRotate=true&quality=95&type=w750&src=https%3A%2F%2Fmyplace-phinf.pstatic.net%2F20211029_96%2F1635463813131jusKn_JPEG%2Fupload_1b6c0e80198d5e48ff5e4a16c7af072a.jpg
바람의언덕,경남,place,4.38,"""강아지를 데리고 오면 벌금을 끊깁니다.""",
밤밭청개구리공원,경기,place,,"""강아지나 어린아이 산책하기 좋아요~ 율전동 주민이라면 올만합니다.^^""",
배곧한울공원,경기,place,4.29,"""강아지 산책 시키기 좋아요 저녁이 될수록 사람들 많아짐 노을 감상하세요~""",https://search.pstatic.net/common/?autoRotate=true&quality=95&type=w750&src=https%3A%2F%2Fmyplace-phinf.pstatic.net%2F20201101_39%2F1604225546833OpKDw_JPEG%2Fupload_0823766de46aed803b6c51d96ea5943e.jpg
배미꾸미조각공원,인천,place,4.31,"""닭 강아지등 동물 조각들이 아이들과보기좋네요.""",https://search.pstatic.net/common/?autoRotate=true&quality=95&type=w750&src=https%3A%2F%2Fpup-review-phinf.pstatic.net%2FMjAyMjA2MTlfNTMg%2FMDAxNjU1NjIzMTE4ODE0.xUkpSC5_YeItqvg00c5Vrg3zVXvUTvBmOSGXHeV14z4g.9WF1kwDQcQxGQ-VtBa2hh7o_PXe6Twz44AnQavnNmDUg.JPEG%2Fupload_35198b1c41ea15dde3f78249ed743f00.jpg
백사실계곡,서울,place,,"""강아지 산책시키기 좋고, 서울속 명품자연을 느낄수있어요""",
백제왕궁박물관,전북,place,,"""강아지나,애들 데리고 산책하기좋네요.유적은 심플해요.""",
봉곡사,충남,place,,"""강아지가 으르릉 거려요.""",
부산민주공원,부산,place,4.28,"""강아지 산책시키기 위해 자주갑니다 산책로가 좋아요""",
부산시민공원,부산,place,4.41,"""강아지랑 산책가기 좋아요""",https://search.pstatic.net/common/?autoRotate=true&quality=95&type=w750&src=https%3A%2F%2Fpup-review-phinf.pstatic.net%2FMjAyMjA3MjNfMzAw%2FMDAxNjU4NTYyMTMyNjgw.mwHYYbAcFGcGezPYk5xWlY3vuHNvnlrJFa-M4p0ggtkg.rFESw9ib3MwB5dQ6ZG9PH9cvmgzsWDsQw1jIfK8POywg.JPEG%2Fupload_8e4f33cda6b4cbd27247f106a7be3633.jpg
부여서동요역사관광지,충남,place,,"""... 수 있는 곳 등 사진 스팟들이 있고 강아지 동반이 가능해서 좋았어요""",
부천백만송이장미원,경기,place,3.87,"""강아지 산책하기에도 좋습니다^^""",
부천중앙공원,경기,place,4.29,"""강아지랑 산책하기 너무 좋아요.""",
부천중앙공원,경기,place,4.29,"""강아지 데리고 산책하기 좋아요.""",
부평 신트리공원,인천,place,4.28,"""강아지 산책시키기 좋아요~""",https://search.pstatic.net/common/?autoRotate=true&quality=95&type=w750&src=https%3A%2F%2Fmyplace-phinf.pstatic.net%2F20210615_205%2F1623756811056t104x_JPEG%2Fupload_8093fbb887b74557a3a51438efaedad8.jpg
북악팔각정,서울,place,4.32,"""이른 새벽 제 강아지 보리와 산책가는 코스입니다.""",https://search.pstatic.net/common/?autoRotate=true&quality=95&type=w750&src=https%3A%2F%2Fpup-review-phinf.pstatic.net%2FMjAyMjA3MjBfOCAg%2FMDAxNjU4MjQ2MjU5MDQz.CNC81xO4p6QUWrWqH6wUzRaCjZRU9DpKabRuRVnc0S4g.FAqlk1RMuBHrIAK_5VagkHL-RiOge2cQ7D8QDsQbfGUg.JPEG%2Fupload_e5d13bf2c6ac5defef07c3ed2eba5d3a.jpg
분천역 산타마을,경북,place,3.67,"""입구에 강아지 두 마리가 너무 귀여웠습니다.""",
불의정원,경북,place,,"""걷기너무좋음 단점 강아지가너무 많음...ㅠㅠ""",
비내섬,충북,place,4.11,"""... 그리고 강아지 산책시 변은 반드시 수거하시길""",
빛가람호수공원,전남,place,,"""강아지들대리고산책하기딱좋은곳""",
사명대사공원,경북,place,4.49,"""강아지와 산책하기 너무 좋아요~~깨끗하고 쾌적해요""",https://search.pstatic.net/common/?autoRotate=true&quality=95&type=w750&src=https%3A%2F%2Fpup-review-phinf.pstatic.net%2FMjAyMjA4MjBfMTg5%2FMDAxNjYwOTc3MDc0NzE5.PFkwT-7FelWfvJ8EhBcThBb2up94e4iH3WZTkgiib74g.C1CDgO4GYNbN2H_Wh2xofts4OIM2IIIafvU2JvM_hUwg.JPEG%2Fupload_16f971dad895d9d795e04ecdc59abf2a.jpeg
사상근린공원,부산,place,4.24,"""도심속의 작은공원 강아지들과 산책하기도 좋은 장소인거 같아요""",
산수유사랑공원,전남,place,,"""주로 강아지 산책시키러 가는 곳입니다!""",
삼다공원,제주,place,,"""항상 강아지랑 산책하는장소입니다.""",
삼락생태공원,부산,place,4.29,"""강아지 산책시키기 최고예요""",
삼무공원,제주,place,,"""모기가 많아요 강아지들도 산책 많이 하는것 같아요 개똥 조심 하세요 ㅋㅋㅋ;""",
삽교호 함상공원,충남,place,3.75,"""아이들 동반 가족 산책으로 베스트.""",
상당산성,충북,place,4.43,"""애견인들에 성지인듯 강아지데리고 산책하기정말좋아요""",
상동호수공원,경기,place,4.29,"""강아지들이랑 항상 산책을 자주 갑니다.""",
생각하는 정원,제주,place,4.32,"""강아지 출입(소형견)이 가능해서 좋았습니다.""",https://search.pstatic.net/common/?autoRotate=true&quality=95&type=w750&src=https%3A%2F%2Fnaverbooking-phinf.pstatic.net%2F20220601_189%2F1654052209376QWMjI_JPEG%2Fimage.jpg
서대전공원,대전,place,,"""강아지들 산책시키기 좋아요""",
서서울호수공원,서울,place,4.16,"""강아지 데리고 산책하기 좋아요""",https://search.pstatic.net/common/?autoRotate=true&quality=95&type=w750&src=https%3A%2F%2Fmyplace-phinf.pstatic.net%2F20201117_27%2F1605603577155BGb63_JPEG%2Fupload_2ece2d34c5e548727baa1c3b96d8d0da.jpg
서시천체육공원,전남,place,,"""강아지랑 저녁산책하러 자주 가는 곳이에요.. 곳곳에 조명이 많아서 ...""",
서울랜드,경기,place,4.46,"""강아지들이랑 산책을하는데 벚꽃이 너무 예쁘고 사진찍기도 너무 좋아요""",https://search.pstatic.net/common/?autoRotate=true&quality=95&type=w750&src=https%3A%2F%2Fpup-review-phinf.pstatic.net%2FMjAyMjA4MTRfMzUg%2FMDAxNjYwNDc5MjU1NjA1.vbzXeFecYTZZ1ElUHXhCaqHD8tndAWigwu991LrGY3cg.TUk3veURwdDP9mOjO5h2JejZy1cyws_-vG8oQZ157Y8g.JPEG%2Fupload_7885fb5bc08c6623d282d3a945450104.jpg
서울방이동고분군,서울,place,,"""강아지들이랑 산책오시는분들도 많아요!""",
서울숲,서울,place,4.34,"""애견동반 가능하고 산책하기에 아주 좋음""",https://search.pstatic.net/common/?autoRotate=true&quality=95&type=w750&src=https%3A%2F%2Fpup-review-phinf.pstatic.net%2FMjAyMjA2MTNfODUg%2FMDAxNjU1MDQ2NDU0MDc0.kPu-4FqleH-bpQ8XHXoeIQWVzprun0XblDe266X9T3Eg.e3ZSf2hyXzvIY5X914N69-XyoWgZpZmyRi43ev00yGsg.JPEG%2Fupload_252f371e9719326b3ae47e0b9c909464.jpeg
서울식물원,서울,place,4.47,"""강아지 데리고 산책 가기 좋아요""",https://search.pstatic.net/common/?autoRotate=true&quality=95&type=w750&src=https%3A%2F%2Fpup-review-phinf.pstatic.net%2FMjAyMjA3MTdfMjQy%2FMDAxNjU4MDYxMDQ5NDYz.ctU1XmO903mofN2ZBujC4_iLD_T_m9iS0hTTcTJ4ns8g.zvn2RPLKCobucGT3f3FwS8O8jpxvNGg2GUVd4HkLHIgg.JPEG%2Fupload_43c14a8e38aaf45e16b6c41fc458613e.jpeg
서울어린이대공원,서울,place,4.57,"""강아지 데리고 산책가기 좋음""",https://search.pstatic.net/common/?autoRotate=true&quality=95&type=w750&src=https%3A%2F%2Fpup-review-phinf.pstatic.net%2FMjAyMjA3MjlfMTUw%2FMDAxNjU5MDc3NDI0OTcy.1GdSTHyQ9bItyWUmB1OESyNMVG8ZiBVGBZZ2VqQYoQ4g.UlsJA8bDlnNBUCOpuPh4jdgadYYnFXZsuxwVbeImTXkg.JPEG%2Fupload_063d414cdca4751762a5def328ff36c0.JPG
서울창포원,서울,place,4.24,"""종종 강아지들과 산책.""",
서울창포원,서울,place,4.24,"""강아지 산책하기 너무좋아요""",
석촌호수(동호)수변무대,서울,place,,"""운동하는분들이 많은게 조금 아쉽지만 강아지랑 놀기좋아요""",
설봉공원,경기,place,4.31,"""강아지 데리고 산책하기 너무 좋습니다 ^^^*""",
섬이정원,경남,place,4.2,"""요기 지킴이 강아지 ㅋ 귀여워~""",https://search.pstatic.net/common/?autoRotate=true&quality=95&type=w750&src=https%3A%2F%2Fpup-review-phinf.pstatic.net%2FMjAyMjA4MDhfMzAg%2FMDAxNjU5OTQ2NDczMTY0.owLcYmfvzurVtC6bz1WkXRIEJb6yEvhsFUVf7YnvitQg.H6lAy6vVLtFP39yPESfICQU5HHiNXXCB7-a-pFnP6EEg.JPEG%2Fupload_9d80a3497646abee65827d377301f065.jpg
섭지코지,제주,place,4.46,"""강아지와 함께한 여행인데 너무 좋아하네요""",https://search.pstatic.net/common/?autoRotate=true&quality=95&type=w750&src=https%3A%2F%2Fpup-review-phinf.pstatic.net%2FMjAyMjA4MDJfMjA5%2FMDAxNjU5NDA5ODQ0ODY5.npuELw3Zm6kqcbOONP13tqv3x9uI7ijRL6Luu9Kt6osg.byTgogW-Av6GNm4wbKx2KTDeugXQeCnfjYISxnmIM-0g.JPEG%2Fupload_9ea500a3fa046adf538d6ca3deb86879.jpeg
성당포구마을,전북,place,4.36,"""가족과 강아지들 하고산책하기 산책하기 정말좋아요""",https://search.pstatic.net/common/?autoRotate=true&quality=95&type=w750&src=https%3A%2F%2Fpup-review-phinf.pstatic.net%2FMjAyMjA2MjlfMSAg%2FMDAxNjU2NDcyNzYwMTA5.D2che8VLuL4OYoHrZi_h9KEG0Zvt__OGRjfDDJ-SOHUg.wyf4gS3ico88LiknAPRfR905t5K9ThIirMLDsybcWFMg.JPEG%2Fupload_26ad23c5e51f1641cabda7170eac8e4e.jpeg
성밖숲,경북,place,,"""바람 잘불고 강아지랑 산책하기 최고""",
성읍민속마을,제주,place,3.4,"""강아지 동반 가능합니다.""",
성지곡수원지,부산,place,4.28,"""진짜 너무 좋아요 강아지랑 가기도 좋아요""",
세계꽃식물원,충남,place,4.23,"""강아지 데리고 산책온 사람도 많아서 개가 있다면 방문해보는것도 ...""",https://search.pstatic.net/common/?autoRotate=true&quality=95&type=w750&src=https%3A%2F%2Fpup-review-phinf.pstatic.net%2FMjAyMjA2MTlfNSAg%2FMDAxNjU1NjE4NjU5MzAy.H0V_TxS9Emd280JzNornJRdpelnhE2w1LhEg7XppZ8Eg.5KTNCdQLRUt0csXFHMi9EpIICYyVBGo18e16dPshdbkg.JPEG%2Fupload_0d6e7feb40e5f5718aaccbb1b3681fa0.jpg
세종호수공원,세종,place,4.23,"""데이트하고 강아지산책코스 굿 주차하면 꼭 외워서둬야될듯""",
소금산그랜드밸리,강원,place,4.33,"""출렁다리만 안가면 애완견 동반 산책 가능합니다""",https://search.pstatic.net/common/?autoRotate=true&quality=95&type=w750&src=https%3A%2F%2Fmyplace-phinf.pstatic.net%2F20210316_153%2F1615828320024hw7Lg_JPEG%2Fupload_cc8007b34b0013b3c291a38bdc2ec8af.jpg
소래습지생태공원,인천,place,4.29,"""아이들과 강아지와 놀기 좋아요.사잔도 예쁘게 나오고요.""",
소풍정원,경기,place,,"""가족들이나 강아지들과 산책하기 너무 좋습니다.""",
솔밭근린공원,서울,place,4.36,"""강아지들이랑 산책다녀옴""",
솔찬공원,인천,place,4.26,"""강아지 산책하러 자주가요""",
송도 센트럴파크,인천,place,4.38,"""반려견 동반 산책길 좋아요""",https://search.pstatic.net/common/?autoRotate=true&quality=95&type=w750&src=https%3A%2F%2Fpup-review-phinf.pstatic.net%2FMjAyMjA4MTJfNzcg%2FMDAxNjYwMjY1MDk2NzUz.DgXvzCPjcxl9qKc6r97AAJ3j5HviDvwCcrVK3E8ZD48g.qqj6z7KznP_jVwnrvj4Y-IF246oYY4yXTDKaqi_slo4g.JPEG%2Fupload_910335c8f89bb75d3c3ebaad259b06ac.jpg
송도글로벌파크,인천,place,,"""강아지 산책했는데 너무 좋습니다.""",
송상현광장,부산,place,,"""강아지랑 산책하기 좋습니다""",
송악산둘레길,제주,place,,"""강아지 데리고 걷기좋고 도착전 작은해수욕장 사진찍기 좋아요""",
송암스페이스센터,경기,place,4.55,"""아이를 동반한 가족이 많았고, 아이들 교육으로도 좋을것 같아요""",https://search.pstatic.net/common/?autoRotate=true&quality=95&type=w750&src=https%3A%2F%2Fmyplace-phinf.pstatic.net%2F20220329_42%2F1648538635153cAxbI_JPEG%2Fupload_e6724e96e27d013d775c9667e8ec5ce4.jpg
수국사,서울,place,,"""훈이라는 강아지가 맞아주는데 너무 귀여워요""",
수락산유원지,경기,place,,"""유아동반이딱입니다.강가라서애들과놀기에정말좋습니다.""",
수릉원,경남,place,,"""강아지산책및휴시공가넓어서좋아요""",
수봉마을쉼터,인천,place,,"""강아지 데리고 산책하기 너무 좋아요!""",
순매원,경남,place,3.87,"""아직 만개안함 귀여운 강아지들 많이봄""",https://search.pstatic.net/common/?autoRotate=true&quality=95&type=w750&src=https%3A%2F%2Fmyplace-phinf.pstatic.net%2F20220309_59%2F1646794173039A8V05_JPEG%2Fupload_0d92d0c6e9763bd427bc4600daf5d5a5.jpeg
순창고추장민속마을,전북,place,,"""고양이 여러마리랑 강아지 한마리가 있어서 전 좋았어요 고양이가 한집에 4~5마리 모여있었어요 강아지는 성격이 너무 좋았고 길가다가 고양이가있는데 울음소리가 너무 웃겼어요 ㅋㅋ""",
슬도등대,울산,place,,"""강아지 산책 하기좋아요^^""",
시천가람터가족소풍마당,인천,place,,"""아기데리고 오기도 좋고, 강아지데리고 오기도 좋아요.""",
신백생활체육공원,충북,place,,"""강아지와 산책하기 너무 좋아요~""",
신산공원,제주,place,,"""강아지 산책시키기 좋아요""",
신선대유원지,부산,place,,"""벚꽃이 만발한 길~ 정말 좋아요 오늘은 날씨도 좋아서 사람들도 강아지들도 제법 보여요.",
신세동벽화마을,경북,place,4.18,"""그리고 동네 강아지 고양이들도 사람 경계않고, 마을도 조용하고.""",
신정호,충남,place,4.32,"""뛰놀기 좋고 애견동반 가능.""",
신정호유원지,충남,place,,"""애견동반 나들이로 최고입니다""",
신창풍차해안도로,제주,place,,"""노을질때 이쁜 해안가입니다.. 강아지들이랑 자전거 타고 자주 다녀요""",
쌍용공원,충남,place,3.63,"""강아지랑 산책하기 좋아요""",
아미산전망대,부산,place,,"""방문했더니 커피숍은 영업을 안했지만 강아지 산책하기도 좋아요""",
아차산생태공원,서울,place,4.3,"""공기도 좋고 강아지동반도 가능해서 좋아요""",https://search.pstatic.net/common/?autoRotate=true&quality=95&type=w750&src=https%3A%2F%2Fmyplace-phinf.pstatic.net%2F20200710_3%2F1594364011729wGxLu_JPEG%2Fupload_896ec486a8c44a079bb1ffc8c2031a95.jpg
안산호수공원,경기,place,4.07,"""강아지 산책 하기 너무 좋아요""",https://search.pstatic.net/common/?autoRotate=true&quality=95&type=w750&src=https%3A%2F%2Fpup-review-phinf.pstatic.net%2FMjAyMjA3MDNfMTE0%2FMDAxNjU2ODQ3NDY4NzM5.4Hq7XDSJFOYM-mcR-U5tHuNta1RQnXfxQmBFJSe77dIg.lK498U4-KtaosqDkJzhxwfKZfejVZTnLJNJe40v9k1gg.JPEG%2Fupload_fd6e29e13fa64046979f248385bec06a.jpg
액션하우스,전북,place,4.31,"""고양이, 강아지, 여우. 앵무새, 캥거루(?), 스컹크, 라쿤.""",https://search.pstatic.net/common/?autoRotate=true&quality=95&type=w750&src=https%3A%2F%2Fpup-review-phinf.pstatic.net%2FMjAyMjA4MDhfMTA0%2FMDAxNjU5OTQ1MzQxNDg5.BIgDAyWjbuPSTsShQ6k9wFNsnw1zAWVqXLy6oDgULJQg.7-EJmJkDW-SqAnJ6FH2-y1pSenaJnLo_Yv38w1eZOHEg.JPEG%2Fupload_66e44e517b839b70332981af4e7bae4f.jpg
양산워터파크,경남,place,4.41,"""강아지랑 산책오기도 좋고 아이들과 산책나와도 좋을듯합니다""",
양재시민의숲,서울,place,4.49,"""강아지 산책하기 너무 좋은곳""",https://search.pstatic.net/common/?autoRotate=true&quality=95&type=w750&src=https%3A%2F%2Fmyplace-phinf.pstatic.net%2F20201115_16%2F1605435037596T0WQy_JPEG%2Fupload_1161276f63422d3ff4562423b6652f1b.jpeg
양주시립회암사지박물관,경기,place,,"""넓은 공원은 아니나 탁트인 잔디밭이 좋습니다. 강아지산책도 좋고.""",
여미지식물원,제주,place,4.26,"""강아지도 같이 들어갈 수 있는게 큰 장점""",https://search.pstatic.net/common/?autoRotate=true&quality=95&type=w750&src=https%3A%2F%2Fpup-review-phinf.pstatic.net%2FMjAyMjA4MThfMTU0%2FMDAxNjYwNzUwNTMyNzcw.1X-qmJ6vJLR19JbLqFRCCnb-0e9EEGjDHbPheeMDfz0g.6JqOJsKRxc8bo9NXnsc1DZTHCTAtdtBUjbBaO-LWtmAg.JPEG%2Fupload_cefcbbbe32a10f33e6c423d3287ccf17.jpeg
여의도공원,서울,place,4.28,"""강아지산책하기 너무 좋은곳""",https://search.pstatic.net/common/?autoRotate=true&quality=95&type=w750&src=https%3A%2F%2Fpup-review-phinf.pstatic.net%2FMjAyMjA4MTJfMjI3%2FMDAxNjYwMjkwMzU3ODQ2.TanK4a4hcmqNXNymcIglcD_B4L3AiAP8n5A2749ePCog.MgIG-zQMRB4lG8V35nZLDmRkPh7m3G9y9sRcaGJvoY4g.JPEG%2Fupload_579164e831ea92038d8bdf7a67b2d099.jpg
연홍도,전남,place,,"""... 미술관 관람, 카페에서 차 마시기 귀여운 강아지, 고양이와의 만남""",
영평사,세종,place,,"""강아지들이 보이지 않아서 아쉬웠음.""",
오륙도해맞이공원,부산,place,4.46,"""강아지랑 산책하기 좋음.""",
오설록 티 뮤지엄,제주,place,4.46,"""강아지와 야외테이블에 앉았어요.""",https://search.pstatic.net/common/?autoRotate=true&quality=95&type=w750&src=https%3A%2F%2Fpup-review-phinf.pstatic.net%2FMjAyMjA4MTdfMzcg%2FMDAxNjYwNzE0Njc3NTAy.CbWpeDdU69_Ozxhcx8ITzHMHrV5PHlChkGksDHPdIvUg.DtgfcCEhjd6RGnhzE56zGHJtE0EXvUnoxsP87uFA8jgg.JPEG%2Fupload_d049f2010f000fd6c063c195870bf730.jpeg
오수의견공원,전북,place,,"""정말 조용한 시골마을에 강아지와 산책하기 좋은 곳""",
옥구공원,경기,place,4.18,"""조용하니 강아지랑 산책하기 좋음~""",
옥정호 구절초테마공원,전북,place,4.41,"""... 좋았을것 같은데~ 다 져버려서 아쉽지만 강아지랑 가볍게 산책하기는 괜찮았어요""",
온천천시민공원,부산,place,3.7,"""강아지랑 산책하기 좋은곳""",
올림픽공원,서울,place,4.3,"""워낙 유명하죠 강아지 산책시키기 좋아요""",https://search.pstatic.net/common/?autoRotate=true&quality=95&type=w750&src=https%3A%2F%2Fpup-review-phinf.pstatic.net%2FMjAyMjA4MTNfMjMw%2FMDAxNjYwMzc4NTM0NjY1.Ev6Iw6S9HA-aHHw81XGdZaZRjF069VP7lrLao9UsMcog.UlGBfbpEKdRhaa8lhx0D74JJ5V9sVdxHIKkwQw2re5wg.JPEG%2Fupload_0c2c2aca36c3719bbdee586f5c1568a0.jpg
올림픽공원 들꽃마루,서울,place,4.13,"""넓고 깨끗하고 강아지와 산책하기 좋아요""",
옹기종기행복마을,대구,place,,"""벚꽃필때 산책하기 좋은곳 어르신들이 많음 조용함 목줄안한 강아지 ...""",
외고산옹기마을,울산,place,4.29,"""강아지와 함께 방문했다.""",https://search.pstatic.net/common/?autoRotate=true&quality=95&type=w750&src=https%3A%2F%2Fmyplace-phinf.pstatic.net%2F20200718_92%2F1595066716740UIoGH_JPEG%2Fupload_f50bd4b8109770292a4015b2f28d7d92.jpg
외암민속마을,충남,place,4.25,"""예쁜 마을, 귀여운 강아지.""",https://search.pstatic.net/common/?autoRotate=true&quality=95&type=w750&src=https%3A%2F%2Fpup-review-phinf.pstatic.net%2FMjAyMjA4MDVfMjEw%2FMDAxNjU5NjM0MDMyNjU0.LBTzUy7Tj9hl-jO8CRcoif25c5OhtKoze1RbrJn61mog.ixJa068XNI4zM8nfoTmKvUXIlohSh3ihMbAPQpwW_Esg.JPEG%2Fupload_9ac37202a712ddf4c85072597e006037.jpeg
용문사,경기,place,,"""시원하고 강아지산책하기에 넘좋네요.""",
용산가족공원,서울,place,4.36,"""강아지 산책 시키기도 안성맞춤입니다""",
용소웰빙공원,부산,place,4.09,"""강아지랑 산책하기 너무 좋았어요""",
용지공원(용지호수공원),경남,place,4.16,"""도심의 긍원 좋으네요 강아지도 같이 산책가능하고요""",https://search.pstatic.net/common/?autoRotate=true&quality=95&type=w750&src=https%3A%2F%2Fmyplace-phinf.pstatic.net%2F20220113_122%2F1642076032033E6ppK_JPEG%2Fupload_a9771bc05c828f91f35ce90c7f2f5d60.jpg
용지공원용지호수음악분수,경남,place,4.17,"""강아지와 산책 나오기 좋습니다""",
용흥궁,인천,place,,"""... 잔디밭에서 깡총 뛰네요 강아지가 좋아하니 나두 만족~""",
운남동근린공원,광주,place,,"""강아지랑 산책가기좋은곳""",
울산대공원,울산,place,4.43,"""강아지 산책하기 조아요~~""",https://search.pstatic.net/common/?autoRotate=true&quality=95&type=w750&src=https%3A%2F%2Fpup-review-phinf.pstatic.net%2FMjAyMjA4MTFfMTMw%2FMDAxNjYwMTg0MDYyNDY0.1iHPBGIMi7hYV9OiF4wqWGiw-tBnJgKvt9JOI-DEn7Qg.cUEfFtvx7LBy22TXXTyLZB_qfDef9T_BJN5QSVaVBB4g.JPEG%2Fupload_927e377fdbbaaa7d964265074b06b165.jpg
월곡역사공원,대구,place,,"""강아지만 없으면 애들대리고 놀기좋다""",
월드컵공원,서울,place,4.35,"""강아지와 산책하기 좋은곳""",https://search.pstatic.net/common/?autoRotate=true&quality=95&type=w750&src=https%3A%2F%2Fpup-review-phinf.pstatic.net%2FMjAyMjA3MjlfMzEg%2FMDAxNjU5MDU5MjY1OTY4.AqCwPM7lQKsqfP98KF35BTrlUh6uqKshgrFPhtTX6w4g.pP8s1MRbaHQR6iZUe6xUqLwZ0AWVpbO_wfyQapRqZ2Ug.JPEG%2Fupload_e735e8f6457527b7cf9fe46d7ffae02c.jpg
월명암,전북,place,,"""아담하니 좋네요 단풍과 강아지가 지키는 풍경 사람을 머물게 하는곳이네요""",
월미공원,인천,place,4.58,"""우리집 강아지가 완소함""",https://search.pstatic.net/common/?autoRotate=true&quality=95&type=w750&src=https%3A%2F%2Fpup-review-phinf.pstatic.net%2FMjAyMjA2MjZfNTcg%2FMDAxNjU2MjIwNzY3MzYw.WmbwM7DgTE8SHXziS3k60TX-Yw8gIIXA_B9wDTHvdTgg.NkbnL8SyjVowNO4CuQFI5OxA6lNa4C75vEi0APDmNeAg.JPEG%2Fupload_6f6f5f2121a418dd779bc653ae401190.jpeg
월암근린공원,서울,place,,"""강아지산책시키러 가기 좋아요. 깨끗하고 언덕이 좋아요.""",
유니온타워,경기,place,,"""전망대 앞에 공원이 있어서 강아지와함께 산책하기도 좋고 주차비와 ...""",
유당근린공원,전남,place,,"""강아지 산책시키기 좋았습니다""",
유리섬박물관,경기,place,4.24,"""강아지와 산책도 좋습니다 ~^^""",https://search.pstatic.net/common/?autoRotate=true&quality=95&type=w750&src=https%3A%2F%2Fpup-review-phinf.pstatic.net%2FMjAyMjA4MTVfMjUx%2FMDAxNjYwNTUyMDI2ODM5.MnQyopIp6A_uR0ooPiYJ29DV1ELvstsutiAL9OTBAO8g.eEKhJsunx0ELdzdaxL850OKrV4CqStTcW7ZsK_I2lXgg.JPEG%2Fupload_090c56468e021ce60b8fdbd204658907.jpg
율동공원,경기,place,4.32,"""애견동반하여 산책하기 참좋아여.""",https://search.pstatic.net/common/?autoRotate=true&quality=95&type=w750&src=https%3A%2F%2Fpup-review-phinf.pstatic.net%2FMjAyMjA2MDlfMjc4%2FMDAxNjU0NzI3NzU4NzMx.WchFqiKtvwkaNpJ33saC9HLQJ-ncpHVlZNMybBFYaY0g.AWg-W_AURt9SLdF7GZL-8ZrU-VKIjOly52jik4wR5aUg.JPEG%2Fupload_b90973180a50e9d55e29f3e5a1278791.jpg
율봄식물원,광주,place,4.51,"""강아지 특히좋음 그리고 딸기,레일바이크,동물먹이 주는거 재밌음""",https://search.pstatic.net/common/?autoRotate=true&quality=95&type=w750&src=https%3A%2F%2Fpup-review-phinf.pstatic.net%2FMjAyMjA4MDVfODMg%2FMDAxNjU5Njk0ODEwMTU2.inoOEw40fBP34on7yXY273gj1P00RqSeoOQZyq74AEYg.tqlpC61EhNLWeEpSLklbObuat0aJmHNYV5b1WKCxAEIg.JPEG%2Fupload_2d9f29d4193a83b63f8b9196515807e6.jpeg
은파관광지,전북,place,4.43,"""운동하기 좋구 강아지산책도 좋아요""",
의릉,서울,place,4.6,"""바로 옆 대학교쪽으로 강아지 산책시키기 좋음.""",https://search.pstatic.net/common/?autoRotate=true&quality=95&type=w750&src=https%3A%2F%2Fpup-review-phinf.pstatic.net%2FMjAyMjA4MTVfNDYg%2FMDAxNjYwNTcxNDc1MDEw.eCCzmo3Uq8GH3ecQtx9IdcXwuBjsDZNBVB0dZbZBgCUg.8pWJbsjfBbr_2oEWLaoq8TZlAAHgWREuLRMRt-bFS78g.JPEG%2Fupload_61d401133ffd5fc8433c390a68aaf45f.jpeg
의림지,충북,place,,"""혼자여도 강아지랑 같이여도 늘 산책하기 최고인곳~""",
의암공원,강원,place,,"""놀고 소풍가기 좋아요 운동장도 있어요 강아지 산책도 좋아요""",
인천대공원,인천,place,4.24,"""강아지들이랑 산책가기 너무 좋은곳!""",https://search.pstatic.net/common/?autoRotate=true&quality=95&type=w750&src=https%3A%2F%2Fpup-review-phinf.pstatic.net%2FMjAyMjA3MTdfMTEy%2FMDAxNjU4MDE5NDkzMTY4.S6_nkCfGTGhGC0a6bialdnlEWeL3G1bO254rviCgg9Ag.ORzqfG-ZJU1Cp-STIdgIBSxJ1RWfU6sgHXbpo6wQa2Qg.JPEG%2Fupload_2d1bd59e1845afb5aa60269c0a7fe7ac.jpg
인천대공원 어린이동물원,인천,place,4.32,"""어린이를 동반하기좋고 재미있습니다.""",
일락사,충남,place,,"""사람은 없었고, 순남이라는 강아지가 반갑게 맞이해주었다",
일산호수,경기,place,,"""강아지 산책으로 최고.""",
임고강변공원,경북,place,,"""강아지와 같이 올수도 있습니다.""",
임실치즈테마파크,전북,place,4.25,"""무료입장에 애견동반 가능입니다.""",https://search.pstatic.net/common/?autoRotate=true&quality=95&type=w750&src=https%3A%2F%2Fpup-review-phinf.pstatic.net%2FMjAyMjA4MTFfNTMg%2FMDAxNjYwMjE5ODUxODQz.IhhsRJk5rJ2ht7CJQxodtAc0SKoZJl81sjztTHyd_W4g.eAqS2r8X0hk2QN9CodbN1ZUY5AweuSwrWlbk35t4G4Yg.JPEG%2Fupload_cb87a43861d753b5bf70aea17ac49784.jpg
자라섬,경기,place,4.39,"""강아지 산책, 연인 조용한 데이트, 사색등로 최고""",https://search.pstatic.net/common/?autoRotate=true&quality=95&type=w750&src=https%3A%2F%2Fpup-review-phinf.pstatic.net%2FMjAyMjA2MjNfMTkx%2FMDAxNjU1OTQyMTYwMTUx.ROXYi5NDyyUC5PUikn-f1ca8ojS2nW5L_afxDSDKtvcg.CFifHeNAkb3iODjeeXgir3iccsVFJGXmQzTpxlSESogg.JPEG%2Fupload_4a1c2a4adad79c2940eacd8970a1f6a6.jpg
장유대청계곡,경남,place,4.3,"""강아지와 함께 등산했어요.""",
장항송림산림욕장,충남,place,,"""강아지 산책하기 좋은곳입니다""",
전주 한옥마을,전북,place,4.32,"""애견동반 식당과 카페가 많아 편했음""",
정방사,충북,place,,"""산사에 강아지 두마리와 시원한 풍경.""",
정북동 토성,충북,place,4.19,"""강아지를 데리고오면 줄을 풀어놓고 산책할 수 있을만큼 부지가 넓습니다.""",
정서진,인천,place,4.4,"""버린 강아지를 봐서 그 강아지 보고 힐링 했습니다.""",
정양레포츠공원,경남,place,,"""넓고 조용하고 강아지들이랑 신나게 놀았네요ㅎ""",
제주허브동산,제주,place,4.41,"""강아지 동반 가능하고 사진 포인트 많아요.""",https://search.pstatic.net/common/?autoRotate=true&quality=95&type=w750&src=https%3A%2F%2Fpup-review-phinf.pstatic.net%2FMjAyMjA2MTJfNDIg%2FMDAxNjU1MDM1MjU2ODc5.fbVRAVNLiaJkcbK4rSeMEJHp2bnulAmZvFgz4wQu1Zgg.fy00bmSNofXXNweCzNaItQWqQhTR1xucT8laHQTTns4g.JPEG%2Fupload_21ad81edf3a126ab8001939fbd270d18.jpg
조례호수공원,전남,place,4.42,"""... 하구요 애와견 동반가능합니다""",https://search.pstatic.net/common/?autoRotate=true&quality=95&type=w750&src=https%3A%2F%2Fmyplace-phinf.pstatic.net%2F20211216_28%2F16396388547282L3gf_JPEG%2Fupload_27cde83d36cae1a8eabb61954fda639a.jpeg
조천만세동산,제주,place,,"""애들이나 강아지 데리고 뛰기 좋아요.""",
주암호생태습지,전남,place,,"""아기랑 강아지 데리고 가서 몇 바퀴 돌고 왔어요""",
중대물빛공원,광주,place,4.32,"""강아지랑 산책 하기도 좋아요""",
중앙공원,부산,place,,"""넓게 조성되어서그런지 산책하기도 좋은듯 강아지들도 많이 보였음",
중앙탑사적공원,충북,place,4.27,"""넓고 깨끗하고 텐트 치고 강아지 뛰놀고 평화롭네요.""",
중앙호수공원,충남,place,4.3,"""강아지대리고산책하기좋아요""",
지리산치즈랜드,전남,place,4.28,"""강아지 산책 시키기 좋아요""",https://search.pstatic.net/common/?autoRotate=true&quality=95&type=w750&src=https%3A%2F%2Fpup-review-phinf.pstatic.net%2FMjAyMjA3MjRfMTEy%2FMDAxNjU4NjM3OTQ4NjIw.aicFY8zMCg8CxjgCRLbXDDLg52ysXNNiNyhdltMeOFQg.Ni21NucBDG9sSY6sy3y8hGqTNmOgtpBASQrjlwpierUg.JPEG%2Fupload_d57796786389f46fe47300236fe2135d.jpg
지정문화재방호정,경북,place,,"""관리되지 않는듯 보였고 주변엔 강아지 똥으로 보이는 물체들이 자주 보였네요""",
진도개테마파크,전남,place,4.39,"""생각보다 규모도 컸고 새끼 강아지도 볼 수 있어 좋았습니다.""",https://search.pstatic.net/common/?autoRotate=true&quality=95&type=w750&src=https%3A%2F%2Fpup-review-phinf.pstatic.net%2FMjAyMjA1MjBfMzgg%2FMDAxNjUzMDE1NTEwNzk1.BKDrmkqafRlcIrf3yEon-KF4EuJO1h0AhrWikmRdZ4wg.fi6BzP7P1TAH8Rm8Ofio0v4nz5lcf7i0JfjRci-EOUcg.JPEG%2Fupload_85449cd58c87cf9402353a1ede5c4253.jpg
진해내수면환경생태공원,경남,place,4.41,"""강아지 산책겸 , 걸어 봤는데.. 테크 길도 무난하고 좋았고, 편백나무 ...""",
진해드림파크,경남,place,4.32,"""강아지를 데리고 산책 시키기에 참 좋은 곳이다""",
징검다리연구소,경북,place,4.6,"""강아지랑 한번정도 다녀오기 좋아요 두번은 고민..""",https://search.pstatic.net/common/?autoRotate=true&quality=95&type=w750&src=https%3A%2F%2Fnaverbooking-phinf.pstatic.net%2F20210113_142%2F1610506784731yhJqb_JPEG%2Fimage.jpg
천생산성산림욕장,경북,place,,"""강아지들이 넘넘넘 좋아해요~♡금주에는 비가 오네요~?""",
천안삼거리공원 (2024년12월예정),충남,place,4.23,"""강아지 산책하러 많이 와서 좋아요""",
천황사,전남,place,,"""조용하고 강아지 두 마리가 한가롭게 낮잠 자는 모습에서 힐링이 됨.""",
청도박물관,경북,place,,"""다른 이들은 애들 데리고 와서 놀고 전 강아지 데리고 가서 놉니다.""",
청도읍성,경북,place,4.28,"""강아지 산책시키기 딱이에요 풍경도 이뿌구""",
청도프로방스,경북,place,4.32,"""좋았음 강아지랑 잘놀고 왔음!!!""",https://search.pstatic.net/common/?autoRotate=true&quality=95&type=w750&src=https%3A%2F%2Fnaverbooking-phinf.pstatic.net%2F20220815_132%2F1660491685514vBXjr_JPEG%2Fimage.jpg
청라호수공원,인천,place,4.29,"""강아지도 많고 가족과 함께 산책하기 좋아요""",
청산수목원,충남,place,4.13,"""강아지도 같이 들어갈 수 있어서 좋았습니다.""",https://search.pstatic.net/common/?autoRotate=true&quality=95&type=w750&src=https%3A%2F%2Fpup-review-phinf.pstatic.net%2FMjAyMjA4MTRfMjgz%2FMDAxNjYwNDM4MTM4MTIz.epCywWhZ6Pyh2C9sMOLf8YZTR-qPt69fgneO737wLzgg.0KM-5Lk8X54R9rS3OLuhtvhe1k5fwWK8iVdRzozomOog.JPEG%2Fupload_a7ba8306137749657e3f54191c32acfc.jpeg
청평사,강원,place,,"""강아지동반 가을여행~ 고즈넉한 산사의 가을""",
청포대해수욕장,충남,place,4.24,"""그인간만안봤어도 기분좋았을텐데 진심 강아지 어디아퍼보였고.""",
칠갑산얼음분수축제,충남,place,,"""염소 토끼 강아지 ㅎㅎ 아쉬운 부분은 먹을 거리가 없습니다.""",
카멜리아힐,제주,place,4.33,"""강아지랑 산책하기 좋아요""",https://search.pstatic.net/common/?autoRotate=true&quality=95&type=w750&src=https%3A%2F%2Fnaverbooking-phinf.pstatic.net%2F20220620_23%2F1655702577122BP5ne_JPEG%2Fimage.jpg
코리아플라워파크,충남,place,4.21,"""강아지랑 좋은 추억 만들었어요""",https://search.pstatic.net/common/?autoRotate=true&quality=95&type=w750&src=https%3A%2F%2Fmyplace-phinf.pstatic.net%2F20220424_22%2F1650779579268f2kiq_JPEG%2Fupload_f06ad4a78ade0061aa7ed1ed1c13a5b4.jpeg
태조산공원,충남,place,,"""강아지랑 등산로로 산책하는데 나무 냄새가 너무 좋았어요.""",
태화강 국가정원,울산,place,4.39,"""사람끼리나 강아지 데리고 산책도 자주 가고 돗자리펴고 놀기도 하고 합니다.""",https://search.pstatic.net/common/?autoRotate=true&quality=95&type=w750&src=https%3A%2F%2Fpup-review-phinf.pstatic.net%2FMjAyMjA3MTVfMTQy%2FMDAxNjU3ODUxNjkwMzk2.98Loah5cVJPKBU57swL5Mu26JncYfao83pCoOu4XrL0g.v3rJWHZTSkFmQ7XzGQa8GCjr48tkYwBrV600kvPWZ8Qg.JPEG%2Fupload_e5f3109c42b16307c9d0353c8542b897.jpeg
통영해양관광공원,경남,place,,"""... 강아지 산책할때 여기가 가장 좋더라고요(주변에 공원이 여기라서.""",
팔당물안개공원,광주,place,4.26,"""강아지동반가능한 최고의 공원""",
펫힐링 달빛동물원,강원,place,4.38,"""... 이전에 없었던 아기 강아지 3마리가 있어 아이들이 너무 좋아했어요!""",https://search.pstatic.net/common/?autoRotate=true&quality=95&type=w750&src=https%3A%2F%2Fpup-review-phinf.pstatic.net%2FMjAyMjA3MjVfMTk2%2FMDAxNjU4NzI1OTIwODAx.vuJi2uUL5F_OIutjC28sloUZlrqKsLgV7DLLOeYZOnAg.Zb8MkRddj9r0Gvi1amRnpY4aQtvGFz_aZbN-E_TNKYYg.JPEG%2Fupload_a5b68246a2608b39a094f68eb5c1a4df.jpeg
평강랜드,경기,place,4.45,"""좋아요 반려견도 동반되고 아이들과 함께 즐길거리도 많구요""",https://search.pstatic.net/common/?autoRotate=true&quality=95&type=w750&src=https%3A%2F%2Fpup-review-phinf.pstatic.net%2FMjAyMjA2MTlfNDUg%2FMDAxNjU1NTkxMjAzNDAx.1qU25wVbSXq3E4DSs-0XtZA2RLf-lqJum9ewofJZMywg.VBjablw0NWB4YYKNj9BpojknApsGSriBJrMV3L5uuKgg.JPEG%2Fupload_c0e4bc289337335e4b8fe15753d90fbc.jpeg
평촌중앙공원,경기,place,4.26,"""강아지 산책하시려면 평일낮을 추천합니다""",
평화공원,부산,place,4.3,"""강아지랑 산책하니 너무 좋아요.""",
평화의광장,서울,place,4.42,"""즐기기에 아낌 없다~~ 운동, 산책(애견동반), 소풍, 촬영 ...""",https://search.pstatic.net/common/?autoRotate=true&quality=95&type=w750&src=https%3A%2F%2Fpup-review-phinf.pstatic.net%2FMjAyMjA4MTVfMjE1%2FMDAxNjYwNTU1NjEzMzI0.NPSKR7UjG9JEAvXLrlAaka6upI9i3iTTP-438BS3IBkg.rnQv7ZrRNW3RizHFVedSoKYfrRJ6nWoGqDH2jWFhQTcg.JPEG%2Fupload_82855a59d3a8e81fdffa55401d78be96.jpg
푸른수목원,서울,place,4.29,"""강아지랑 산책 하기 좋은곳 ^~^""",https://search.pstatic.net/common/?autoRotate=true&quality=95&type=w750&src=https%3A%2F%2Fpup-review-phinf.pstatic.net%2FMjAyMjA2MDdfMjEy%2FMDAxNjU0NTk1NTU0MjYw.qz3oDs0UBGJiv7wVSvbOtTDBqZ3c8JH24YNyOaRMYBsg.i0GtTmB61ovYk-LZNI1bX6ail40-5l4P11iCgNja_MEg.JPEG%2Fupload_415441897e33d2e14a14df32b77ac805.jpg
풍암생활체육공원,광주,place,,"""강아지랑 산책하기 좋아요""",
풍암호수공원,광주,place,4,"""강아지랑 같이 가족산책으로 좋았어요""",https://search.pstatic.net/common/?autoRotate=true&quality=95&type=w750&src=https%3A%2F%2Fmyplace-phinf.pstatic.net%2F20200301_47%2F1583042115237DWfzt_JPEG%2Fupload_15f01182146a3f383b36fdc7d23b96ac.jpg
프렌쥬랜드,인천,place,4.57,"""... 느낌적인 느낌이라 좋앗고ㅋㅋㅋㅋ강아지 동반가능인게 매우 좋았다",https://search.pstatic.net/common/?autoRotate=true&quality=95&type=w750&src=https%3A%2F%2Fpup-review-phinf.pstatic.net%2FMjAyMjA3MjBfMjc3%2FMDAxNjU4MzE3OTE2Nzc2.jjUm42FFjd6SqBABwOoapfFNRfeJDiMIr5ALGngF9jQg.erTK5jG2ja2DjKVWd0VXZ44NT4H2sRY5G3XQqtGU_qgg.JPEG%2Fupload_0e05c57a537ba0111824b3bad2c5b888.jpeg
피아노폭포,경기,place,,"""강아지 산책은 적절하지 않음""",
하늘마루염소목장,강원,place,,"""염소가 배불러서 많이 안 놀아줬고 ㅠㅠ 강아지가 너무 착했고 날씨가 좋았고
바람 소리가 좋고
마음이 평온해지는 장소다
그거면 됐다""",https://search.pstatic.net/common/?autoRotate=true&quality=95&type=w750&src=https%3A%2F%2Fpup-review-phinf.pstatic.net%2FMjAyMjA1MDJfOTgg%2FMDAxNjUxNDQ2ODQxMDIz.AGMcEfQ7nqy-dmMLj91FMYLihkOf4nKEgQk0Sufv6xkg.kHeUz5wIQ897f0W3BBPTmbjm_IVn6fU8vPHwYCSXRKcg.JPEG%2Fupload_81471edd4cb201f4c7b88cfb482538f8.jpg
하동송림공원,경남,place,3.79,"""... 배변처리 좀 제대로 하셨으면 하는 바램입니다 간혹 강아지들 배변이 ...""",
하트해변,전남,place,,"""해변은 예쁘고 동네강아지한마리가 동해안에서 제일 귀여움""",
한국이민사박물관,인천,place,,"""주차문제도 편하고 강아지랑 산책하기도 좋습니다.""",
한림공원,제주,place,4.46,"""강아지랑 산책도 할수있고 넓고 좋습니다.""",https://search.pstatic.net/common/?autoRotate=true&quality=95&type=w750&src=https%3A%2F%2Fpup-review-phinf.pstatic.net%2FMjAyMjA3MjZfMjc2%2FMDAxNjU4ODE0MjE3MzE3._y00EoLceAzJPSu9A6dqEJ5jt1N5g9-jwrNxEl1cmEMg.-Tp4F_3lnWq0vU1X5u3kak3qJ1rx-cpg6G7i_gdy6jEg.JPEG%2Fupload_2ff07306ab40ed7c097a1a94d89f9448.jpeg
한밭수목원,대전,place,4.31,"""강아지 산책하기 좋아용~ 우리댕댕이""",
함주공원,경남,place,,"""강아지와 산책하기 넘 죠아요~^^""",
합천영상테마파크,경남,place,4.37,"""강아지랑같이 갈수있어서좋아요""",https://search.pstatic.net/common/?autoRotate=true&quality=95&type=w750&src=https%3A%2F%2Fnaverbooking-phinf.pstatic.net%2F20220512_241%2F1652350386498zUN74_JPEG%2Fimage.jpg
항파두리항몽유적지,제주,place,4.33,"""강아지랑 산책하기 딱 좋을거 같아요""",https://search.pstatic.net/common/?autoRotate=true&quality=95&type=w750&src=https%3A%2F%2Fmyplace-phinf.pstatic.net%2F20220425_154%2F1650812872696MYS3I_JPEG%2Fupload_f552e03e50cb874a3e2e91a33dab4f79.jpg
해운대달맞이길,부산,place,,"""강아지 데리고 산책하기 너무 좋아요~~""",
행구수변공원,강원,place,,"""강아지랑 산책하기 참 좋아요""",
행주산성,경기,place,4.4,"""강아지랑 산책하기.좋아요 다만 그늘이없음""",https://search.pstatic.net/common/?autoRotate=true&quality=95&type=w750&src=https%3A%2F%2Fpup-review-phinf.pstatic.net%2FMjAyMjA1MTRfMjM1%2FMDAxNjUyNDU0NjYzNTQ5.W238UXo8oDITM9s8Bb6oNyqS87mrOH5nVLiokb6peyog.yfRWQQk6d4gvUglt2DOgnODZV8PzE6DCEostIGgdLcEg.JPEG%2Fupload_23770eea5668775dbc0b49111dc69942.jpg
행주산성 역사공원,경기,place,4.15,"""강아지 데리고 산책 좋고~ 강뷰가 좋아요""",https://search.pstatic.net/common/?autoRotate=true&quality=95&type=w750&src=https%3A%2F%2Fpup-review-phinf.pstatic.net%2FMjAyMjA3MTRfMTgz%2FMDAxNjU3NzcwMDE3ODQ0.j2fLq-rE7wk4TEwGrIhseUHZcxrWzdNW8vjXN0bn42Ig.t7idPo1J9ryFD1DHqiW3jIqfK5-iYzEwTHGZeve-apUg.JPEG%2Fupload_039a54fc5a19bfdda5c29e863047796d.jpg
허균.허난설헌기념공원,강원,place,,"""애견동반 불가로 주변만 둘러보고 옴.""",
호미곶해맞이광장,경북,place,,"""그곳에 버려진 강아지인가같은데 흰색진돗개 2.3년되보이는 아이가 있었어요""",
혼인지,제주,place,,"""강아지랑 조용하게 여행하기 좋았고 수국 보러 오면 좋을것 같아요""",
홍길동 테마파크,전남,place,4.36,"""안에까진 아들어 가봤지만 깨끗하고 한적해요~ 강아지 두마리가 반겨줌 비글ㅋ""",
홍릉근린공원,서울,place,,"""오늘도 강아지산책 좋아요""",
화랑의언덕,경북,place,4.33,"""강아지랑 산책하기 좋고.""",https://search.pstatic.net/common/?autoRotate=true&quality=95&type=w750&src=https%3A%2F%2Fpup-review-phinf.pstatic.net%2FMjAyMjA4MDhfNjMg%2FMDAxNjU5OTYxMzkyMDc4.Uk-kcGf4vg2D2q4Eoh6zqxn1LoiGxSbGzuePofPiGtgg.4e4mPRsFunoPrH3ianYRF7SYExygH-b5Kkav7cBqMM4g.JPEG%2Fupload_17ee723f6cadc73a8672f2fd2668550d.jpg
황룡사지,경북,place,,"""강아지 산책하기에 딱.""",
황리단길,경북,place,4.48,"""여기 가게 좋고 음식 맛있고 강아지 데리고 산책하기 찐 좋음""",https://search.pstatic.net/common/?autoRotate=true&quality=95&type=w750&src=https%3A%2F%2Fpup-review-phinf.pstatic.net%2FMjAyMjA4MTlfMTI2%2FMDAxNjYwOTA2MTY2MjA0.sSLqnBwiaXZJPsw0Lqx4LOo1zGcw9y8xPKwJ1YH0eswg.vuPWNgZzbb7b7qOv5OjfA_o72z3OB8Xi60_jVAnfX_sg.JPEG%2Fupload_f6e09004ad1d0919c9236d06c30df7fe.jpeg
황산문화체육공원야구장,경남,place,,"""강아지와 산책하기 좋아요""",
황성공원,경북,place,4.22,"""강아지를 데리고 다닐만한곳이 많지 않습니다.""",
후포항,경북,place,,"""한산해서 강아지들 산책도 좋고 화장실이 깨끗해요""",
휴휴암,강원,place,,"""강아지도 동반해서 들어갈수있습니다""",
